{"type":"FeatureCollection","features":[{"type":"Feature","properties":{"id":"2600054","name":"Abreu e Lima"},"geometry":{"type":"Polygon","coordinates":[[[-35.125,-7.81],[-35.1,-7.829],[-35.1,-7.807],[-35.104,-7.802],[-35.093,-7.806],[-35.083,-7.804],[-35.068,-7.811],[-35.054,-7.88],[-35.023,-7.888],[-34.977,-7.9],[-34.938,-7.893],[-34.93,-7.891],[-34.922,-7.886],[-34.908,-7.887],[-34.9,-7.886],[-34.896,-7.886],[-34.884,-7.889],[-34.88,-7.892],[-34.866,-7.891],[-34.865,-7.896],[-34.861,-7.897],[-34.863,-7.904],[-34.861,-7.909],[-34.87,-7.91],[-34.884,-7.914],[-34.891,-7.912],[-34.897,-7.918],[-34.896,-7.924],[-34.899,-7.929],[-34.908,-7.936],[-34.912,-7.934],[-34.915,-7.927],[-34.923,-7.93],[-34.94,-7.925],[-34.949,-7.92],[-34.957,-7.92],[-34.962,-7.915],[-34.986,-7.92],[-35.02,-7.916],[-35.024,-7.919],[-35.025,-7.925],[-35.032,-7.927],[-35.046,-7.91],[-35.062,-7.904],[-35.064,-7.9],[-35.065,-7.899],[-35.066,-7.898],[-35.074,-7.899],[-35.098,-7.883],[-35.112,-7.857],[-35.123,-7.85],[-35.14,-7.794],[-35.125,-7.81]]]}},{"type":"Feature","properties":{"id":"2600104","name":"Afogados da Ingazeira"},"geometry":{"type":"Polygon","coordinates":[[[-37.673,-7.616],[-37.658,-7.617],[-37.656,-7.613],[-37.651,-7.617],[-37.645,-7.633],[-37.639,-7.633],[-37.634,-7.638],[-37.624,-7.632],[-37.622,-7.631],[-37.617,-7.627],[-37.598,-7.627],[-37.596,-7.629],[-37.593,-7.626],[-37.584,-7.629],[-37.583,-7.633],[-37.578,-7.634],[-37.57,-7.632],[-37.558,-7.639],[-37.557,-7.641],[-37.56,-7.646],[-37.55,-7.651],[-37.55,-7.659],[-37.554,-7.661],[-37.549,-7.665],[-37.557,-7.669],[-37.553,-7.679],[-37.557,-7.689],[-37.552,-7.702],[-37.556,-7.715],[-37.552,-7.718],[-37.545,-7.711],[-37.538,-7.718],[-37.537,-7.728],[-37.522,-7.753],[-37.524,-7.765],[-37.532,-7.778],[-37.546,-7.79],[-37.547,-7.79],[-37.564,-7.805],[-37.567,-7.814],[-37.578,-7.82],[-37.583,-7.819],[-37.576,-7.827],[-37.586,-7.832],[-37.597,-7.842],[-37.605,-7.851],[-37.612,-7.85],[-37.606,-7.857],[-37.604,-7.862],[-37.609,-7.875],[-37.62,-7.886],[-37.617,-7.894],[-37.665,-7.832],[-37.678,-7.82],[-37.692,-7.813],[-37.687,-7.812],[-37.682,-7.802],[-37.687,-7.801],[-37.689,-7.792],[-37.705,-7.779],[-37.706,-7.771],[-37.708,-7.77],[-37.701,-7.768],[-37.698,-7.764],[-37.682,-7.761],[-37.683,-7.751],[-37.688,-7.75],[-37.687,-7.743],[-37.692,-7.74],[-37.693,-7.724],[-37.697,-7.718],[-37.69,-7.708],[-37.691,-7.692],[-37.689,-7.684],[-37.685,-7.674],[-37.688,-7.668],[-37.686,-7.66],[-37.679,-7.651],[-37.68,-7.645],[-37.697,-7.627],[-37.704,-7.617],[-37.688,-7.618],[-37.68,-7.613],[-37.678,-7.607],[-37.673,-7.616]]]}},{"type":"Feature","properties":{"id":"2600203","name":"Afrânio"},"geometry":{"type":"Polygon","coordinates":[[[-40.861,-8.37],[-40.852,-8.458],[-40.851,-8.462],[-40.849,-8.525],[-40.848,-8.554],[-40.842,-8.555],[-40.837,-8.568],[-40.822,-8.576],[-40.81,-8.583],[-40.808,-8.596],[-40.802,-8.594],[-40.798,-8.599],[-40.792,-8.595],[-40.783,-8.6],[-40.785,-8.605],[-40.784,-8.613],[-40.778,-8.61],[-40.771,-8.618],[-40.76,-8.623],[-40.758,-8.623],[-40.77,-8.635],[-40.776,-8.642],[-40.857,-8.722],[-40.871,-8.736],[-40.893,-8.758],[-40.895,-8.759],[-40.911,-8.775],[-40.92,-8.772],[-40.924,-8.774],[-40.928,-8.768],[-40.93,-8.772],[-40.939,-8.778],[-40.944,-8.788],[-40.943,-8.82],[-40.959,-8.842],[-40.961,-8.83],[-40.979,-8.823],[-40.989,-8.829],[-41.0,-8.828],[-41.021,-8.843],[-41.031,-8.835],[-41.025,-8.807],[-41.036,-8.785],[-41.042,-8.784],[-41.054,-8.787],[-41.066,-8.781],[-41.071,-8.783],[-41.078,-8.788],[-41.082,-8.784],[-41.094,-8.781],[-41.101,-8.782],[-41.106,-8.77],[-41.111,-8.77],[-41.116,-8.763],[-41.113,-8.759],[-41.124,-8.752],[-41.129,-8.743],[-41.126,-8.729],[-41.121,-8.724],[-41.123,-8.718],[-41.112,-8.708],[-41.113,-8.703],[-41.163,-8.71],[-41.172,-8.707],[-41.176,-8.711],[-41.182,-8.707],[-41.186,-8.71],[-41.197,-8.706],[-41.205,-8.709],[-41.225,-8.704],[-41.23,-8.706],[-41.239,-8.71],[-41.238,-8.719],[-41.26,-8.72],[-41.27,-8.731],[-41.281,-8.736],[-41.295,-8.735],[-41.31,-8.726],[-41.334,-8.727],[-41.358,-8.707],[-41.337,-8.708],[-41.308,-8.69],[-41.296,-8.672],[-41.287,-8.66],[-41.268,-8.663],[-41.251,-8.661],[-41.239,-8.655],[-41.233,-8.647],[-41.217,-8.646],[-41.206,-8.633],[-41.208,-8.618],[-41.207,-8.61],[-41.212,-8.602],[-41.203,-8.599],[-41.198,-8.592],[-41.18,-8.593],[-41.178,-8.588],[-41.169,-8.583],[-41.152,-8.546],[-41.149,-8.534],[-41.134,-8.533],[-41.126,-8.542],[-41.111,-8.533],[-41.104,-8.522],[-41.098,-8.52],[-41.09,-8.512],[-41.084,-8.501],[-41.079,-8.472],[-41.051,-8.48],[-41.048,-8.449],[-41.048,-8.448],[-41.039,-8.431],[-41.007,-8.421],[-41.003,-8.405],[-41.0,-8.4],[-40.979,-8.398],[-40.965,-8.412],[-40.965,-8.416],[-40.958,-8.419],[-40.957,-8.423],[-40.938,-8.435],[-40.926,-8.446],[-40.914,-8.436],[-40.909,-8.427],[-40.902,-8.423],[-40.901,-8.408],[-40.907,-8.399],[-40.894,-8.392],[-40.889,-8.386],[-40.892,-8.371],[-40.897,-8.368],[-40.893,-8.357],[-40.87,-8.358],[-40.862,-8.365],[-40.861,-8.37]]]}},{"type":"Feature","properties":{"id":"2600302","name":"Agrestina"},"geometry":{"type":"Polygon","coordinates":[[[-35.944,-8.368],[-35.939,-8.37],[-35.921,-8.365],[-35.904,-8.374],[-35.903,-8.38],[-35.902,-8.384],[-35.918,-8.398],[-35.922,-8.407],[-35.919,-8.41],[-35.921,-8.42],[-35.916,-8.422],[-35.917,-8.424],[-35.898,-8.428],[-35.903,-8.434],[-35.901,-8.441],[-35.904,-8.452],[-35.905,-8.457],[-35.903,-8.462],[-35.893,-8.464],[-35.888,-8.467],[-35.892,-8.473],[-35.889,-8.477],[-35.888,-8.494],[-35.888,-8.498],[-35.891,-8.5],[-35.895,-8.505],[-35.895,-8.506],[-35.896,-8.507],[-35.901,-8.514],[-35.888,-8.546],[-35.881,-8.562],[-35.883,-8.563],[-35.9,-8.559],[-35.911,-8.56],[-35.912,-8.556],[-35.919,-8.56],[-35.918,-8.551],[-35.937,-8.536],[-35.94,-8.54],[-35.948,-8.55],[-35.966,-8.549],[-35.982,-8.495],[-35.992,-8.463],[-35.995,-8.456],[-35.999,-8.441],[-36.005,-8.416],[-36.01,-8.392],[-36.009,-8.361],[-36.001,-8.367],[-35.993,-8.373],[-35.994,-8.393],[-35.993,-8.398],[-35.981,-8.386],[-35.981,-8.385],[-35.968,-8.377],[-35.971,-8.359],[-35.967,-8.358],[-35.95,-8.358],[-35.944,-8.358],[-35.944,-8.368]]]}},{"type":"Feature","properties":{"id":"2600401","name":"Água Preta"},"geometry":{"type":"Polygon","coordinates":[[[-35.486,-8.521],[-35.484,-8.526],[-35.481,-8.525],[-35.479,-8.527],[-35.477,-8.539],[-35.471,-8.546],[-35.464,-8.549],[-35.462,-8.541],[-35.458,-8.545],[-35.446,-8.547],[-35.445,-8.55],[-35.446,-8.55],[-35.444,-8.556],[-35.487,-8.584],[-35.472,-8.629],[-35.454,-8.641],[-35.444,-8.648],[-35.403,-8.676],[-35.394,-8.683],[-35.403,-8.713],[-35.381,-8.717],[-35.37,-8.719],[-35.362,-8.721],[-35.341,-8.725],[-35.34,-8.747],[-35.347,-8.768],[-35.361,-8.806],[-35.367,-8.807],[-35.38,-8.818],[-35.388,-8.817],[-35.395,-8.817],[-35.401,-8.832],[-35.409,-8.838],[-35.414,-8.836],[-35.416,-8.838],[-35.432,-8.836],[-35.436,-8.841],[-35.45,-8.841],[-35.459,-8.837],[-35.462,-8.83],[-35.466,-8.828],[-35.462,-8.818],[-35.47,-8.813],[-35.476,-8.818],[-35.48,-8.82],[-35.482,-8.826],[-35.493,-8.825],[-35.495,-8.828],[-35.5,-8.825],[-35.5,-8.82],[-35.504,-8.822],[-35.511,-8.817],[-35.517,-8.816],[-35.531,-8.828],[-35.535,-8.819],[-35.539,-8.821],[-35.557,-8.831],[-35.563,-8.831],[-35.567,-8.835],[-35.57,-8.842],[-35.582,-8.846],[-35.586,-8.842],[-35.585,-8.84],[-35.59,-8.838],[-35.592,-8.834],[-35.604,-8.834],[-35.605,-8.822],[-35.613,-8.814],[-35.622,-8.81],[-35.616,-8.8],[-35.616,-8.789],[-35.606,-8.775],[-35.609,-8.763],[-35.6,-8.759],[-35.599,-8.752],[-35.603,-8.742],[-35.557,-8.717],[-35.561,-8.702],[-35.564,-8.683],[-35.537,-8.658],[-35.512,-8.635],[-35.514,-8.624],[-35.515,-8.623],[-35.515,-8.621],[-35.521,-8.592],[-35.524,-8.58],[-35.521,-8.556],[-35.487,-8.506],[-35.485,-8.508],[-35.49,-8.52],[-35.486,-8.521]]]}},{"type":"Feature","properties":{"id":"2600500","name":"Águas Belas"},"geometry":{"type":"Polygon","coordinates":[[[-36.873,-8.907],[-36.88,-8.913],[-36.883,-8.922],[-36.888,-8.932],[-36.886,-8.947],[-36.888,-8.969],[-36.894,-8.975],[-36.901,-8.997],[-36.909,-9.007],[-36.919,-9.023],[-36.93,-9.031],[-36.927,-9.033],[-36.931,-9.049],[-36.939,-9.052],[-36.939,-9.058],[-36.94,-9.067],[-36.951,-9.079],[-36.962,-9.101],[-36.973,-9.114],[-36.974,-9.124],[-36.985,-9.129],[-36.984,-9.136],[-36.976,-9.158],[-36.969,-9.163],[-36.957,-9.178],[-36.945,-9.178],[-36.945,-9.182],[-36.95,-9.19],[-36.952,-9.212],[-36.966,-9.224],[-36.966,-9.236],[-36.975,-9.245],[-36.986,-9.249],[-36.996,-9.251],[-37.002,-9.262],[-37.011,-9.264],[-37.014,-9.268],[-37.024,-9.262],[-37.037,-9.277],[-37.037,-9.287],[-37.047,-9.291],[-37.055,-9.307],[-37.057,-9.317],[-37.061,-9.304],[-37.057,-9.281],[-37.081,-9.254],[-37.106,-9.239],[-37.116,-9.241],[-37.13,-9.26],[-37.142,-9.268],[-37.164,-9.275],[-37.169,-9.272],[-37.169,-9.265],[-37.168,-9.251],[-37.159,-9.239],[-37.198,-9.215],[-37.195,-9.203],[-37.185,-9.2],[-37.178,-9.181],[-37.17,-9.169],[-37.166,-9.152],[-37.16,-9.14],[-37.159,-9.126],[-37.162,-9.116],[-37.16,-9.091],[-37.162,-9.073],[-37.155,-9.053],[-37.145,-9.043],[-37.142,-9.037],[-37.131,-9.029],[-37.126,-9.016],[-37.121,-9.013],[-37.11,-9.002],[-37.111,-8.997],[-37.106,-8.993],[-37.1,-8.972],[-37.099,-8.971],[-37.088,-8.964],[-37.074,-8.943],[-37.069,-8.943],[-37.063,-8.935],[-37.052,-8.934],[-37.052,-8.928],[-37.047,-8.921],[-37.027,-8.917],[-37.025,-8.912],[-37.006,-8.906],[-36.993,-8.896],[-36.988,-8.897],[-36.974,-8.895],[-36.954,-8.901],[-36.951,-8.898],[-36.941,-8.897],[-36.921,-8.901],[-36.901,-8.909],[-36.896,-8.897],[-36.885,-8.895],[-36.877,-8.892],[-36.874,-8.885],[-36.865,-8.888],[-36.871,-8.895],[-36.873,-8.907]]]}},{"type":"Feature","properties":{"id":"2600609","name":"Alagoinha"},"geometry":{"type":"Polygon","coordinates":[[[-36.821,-8.417],[-36.805,-8.452],[-36.784,-8.423],[-36.768,-8.422],[-36.738,-8.422],[-36.7,-8.421],[-36.697,-8.486],[-36.69,-8.52],[-36.688,-8.528],[-36.695,-8.525],[-36.713,-8.533],[-36.719,-8.539],[-36.721,-8.541],[-36.725,-8.547],[-36.726,-8.559],[-36.731,-8.567],[-36.739,-8.569],[-36.755,-8.601],[-36.764,-8.6],[-36.776,-8.603],[-36.778,-8.604],[-36.78,-8.589],[-36.783,-8.589],[-36.784,-8.581],[-36.779,-8.562],[-36.788,-8.549],[-36.809,-8.537],[-36.821,-8.531],[-36.84,-8.521],[-36.835,-8.492],[-36.83,-8.466],[-36.822,-8.422],[-36.821,-8.417]]]}},{"type":"Feature","properties":{"id":"2600708","name":"Aliança"},"geometry":{"type":"Polygon","coordinates":[[[-35.14,-7.511],[-35.139,-7.521],[-35.128,-7.535],[-35.12,-7.541],[-35.121,-7.535],[-35.113,-7.536],[-35.107,-7.531],[-35.097,-7.543],[-35.102,-7.547],[-35.101,-7.555],[-35.111,-7.558],[-35.114,-7.554],[-35.118,-7.561],[-35.123,-7.561],[-35.127,-7.568],[-35.129,-7.565],[-35.142,-7.605],[-35.146,-7.619],[-35.122,-7.669],[-35.132,-7.659],[-35.133,-7.666],[-35.134,-7.673],[-35.139,-7.687],[-35.143,-7.684],[-35.148,-7.689],[-35.159,-7.689],[-35.157,-7.696],[-35.161,-7.701],[-35.156,-7.712],[-35.16,-7.71],[-35.165,-7.714],[-35.167,-7.709],[-35.185,-7.688],[-35.194,-7.686],[-35.203,-7.683],[-35.211,-7.681],[-35.23,-7.69],[-35.241,-7.696],[-35.238,-7.702],[-35.241,-7.705],[-35.25,-7.69],[-35.259,-7.676],[-35.259,-7.675],[-35.257,-7.66],[-35.26,-7.655],[-35.255,-7.654],[-35.258,-7.651],[-35.254,-7.645],[-35.257,-7.644],[-35.27,-7.601],[-35.273,-7.591],[-35.263,-7.566],[-35.258,-7.552],[-35.255,-7.544],[-35.235,-7.563],[-35.23,-7.568],[-35.221,-7.569],[-35.214,-7.563],[-35.204,-7.579],[-35.197,-7.585],[-35.193,-7.582],[-35.185,-7.585],[-35.18,-7.579],[-35.177,-7.582],[-35.174,-7.58],[-35.174,-7.574],[-35.171,-7.573],[-35.173,-7.568],[-35.182,-7.549],[-35.188,-7.547],[-35.195,-7.552],[-35.235,-7.537],[-35.221,-7.532],[-35.216,-7.526],[-35.208,-7.522],[-35.207,-7.518],[-35.203,-7.521],[-35.196,-7.517],[-35.192,-7.518],[-35.192,-7.511],[-35.172,-7.503],[-35.163,-7.503],[-35.158,-7.502],[-35.152,-7.506],[-35.14,-7.511]]]}},{"type":"Feature","properties":{"id":"2600807","name":"Altinho"},"geometry":{"type":"Polygon","coordinates":[[[-36.009,-8.361],[-36.01,-8.392],[-36.005,-8.416],[-35.999,-8.441],[-35.995,-8.456],[-35.992,-8.463],[-35.982,-8.495],[-35.966,-8.549],[-35.983,-8.548],[-35.997,-8.546],[-36.0,-8.546],[-36.0,-8.533],[-36.002,-8.534],[-36.013,-8.544],[-36.01,-8.547],[-36.014,-8.55],[-36.014,-8.555],[-36.021,-8.556],[-36.029,-8.561],[-36.058,-8.575],[-36.065,-8.576],[-36.078,-8.58],[-36.088,-8.593],[-36.095,-8.591],[-36.096,-8.59],[-36.116,-8.578],[-36.137,-8.565],[-36.166,-8.547],[-36.192,-8.556],[-36.205,-8.562],[-36.211,-8.565],[-36.229,-8.573],[-36.244,-8.568],[-36.267,-8.562],[-36.243,-8.518],[-36.217,-8.488],[-36.216,-8.487],[-36.186,-8.464],[-36.183,-8.461],[-36.149,-8.438],[-36.144,-8.434],[-36.138,-8.431],[-36.134,-8.428],[-36.131,-8.408],[-36.131,-8.401],[-36.119,-8.401],[-36.112,-8.395],[-36.103,-8.387],[-36.098,-8.383],[-36.089,-8.381],[-36.085,-8.381],[-36.076,-8.38],[-36.079,-8.394],[-36.076,-8.399],[-36.07,-8.4],[-36.071,-8.391],[-36.063,-8.383],[-36.053,-8.376],[-36.039,-8.374],[-36.029,-8.368],[-36.025,-8.368],[-36.009,-8.361]]]}},{"type":"Feature","properties":{"id":"2600906","name":"Amaraji"},"geometry":{"type":"Polygon","coordinates":[[[-35.433,-8.306],[-35.404,-8.343],[-35.395,-8.354],[-35.378,-8.375],[-35.373,-8.38],[-35.392,-8.409],[-35.445,-8.38],[-35.392,-8.409],[-35.405,-8.428],[-35.405,-8.427],[-35.406,-8.426],[-35.407,-8.426],[-35.408,-8.426],[-35.41,-8.428],[-35.412,-8.429],[-35.413,-8.429],[-35.414,-8.428],[-35.413,-8.428],[-35.414,-8.428],[-35.415,-8.428],[-35.416,-8.428],[-35.417,-8.428],[-35.418,-8.428],[-35.419,-8.429],[-35.421,-8.432],[-35.421,-8.431],[-35.421,-8.43],[-35.422,-8.43],[-35.423,-8.429],[-35.424,-8.427],[-35.424,-8.426],[-35.425,-8.426],[-35.426,-8.427],[-35.427,-8.428],[-35.429,-8.431],[-35.431,-8.433],[-35.432,-8.433],[-35.432,-8.435],[-35.434,-8.438],[-35.436,-8.441],[-35.436,-8.442],[-35.437,-8.442],[-35.438,-8.443],[-35.439,-8.445],[-35.44,-8.445],[-35.44,-8.446],[-35.442,-8.449],[-35.445,-8.451],[-35.446,-8.451],[-35.446,-8.45],[-35.448,-8.451],[-35.448,-8.452],[-35.45,-8.452],[-35.451,-8.453],[-35.452,-8.453],[-35.453,-8.454],[-35.454,-8.455],[-35.455,-8.455],[-35.455,-8.454],[-35.456,-8.454],[-35.457,-8.455],[-35.459,-8.456],[-35.46,-8.456],[-35.461,-8.455],[-35.466,-8.453],[-35.5,-8.434],[-35.501,-8.434],[-35.502,-8.433],[-35.503,-8.433],[-35.505,-8.432],[-35.505,-8.431],[-35.506,-8.429],[-35.506,-8.428],[-35.507,-8.428],[-35.507,-8.426],[-35.507,-8.425],[-35.506,-8.425],[-35.504,-8.422],[-35.504,-8.421],[-35.505,-8.421],[-35.507,-8.418],[-35.513,-8.409],[-35.519,-8.4],[-35.519,-8.399],[-35.518,-8.399],[-35.516,-8.391],[-35.517,-8.39],[-35.518,-8.39],[-35.519,-8.389],[-35.52,-8.388],[-35.522,-8.385],[-35.523,-8.385],[-35.523,-8.384],[-35.525,-8.384],[-35.528,-8.386],[-35.53,-8.386],[-35.531,-8.385],[-35.532,-8.385],[-35.533,-8.385],[-35.534,-8.385],[-35.535,-8.384],[-35.536,-8.384],[-35.536,-8.381],[-35.536,-8.379],[-35.548,-8.339],[-35.553,-8.342],[-35.559,-8.343],[-35.563,-8.342],[-35.563,-8.339],[-35.558,-8.329],[-35.528,-8.315],[-35.529,-8.301],[-35.528,-8.3],[-35.527,-8.297],[-35.525,-8.297],[-35.522,-8.3],[-35.506,-8.299],[-35.508,-8.31],[-35.504,-8.313],[-35.492,-8.301],[-35.485,-8.279],[-35.48,-8.275],[-35.47,-8.269],[-35.466,-8.261],[-35.448,-8.285],[-35.436,-8.302],[-35.433,-8.306]],[[-35.445,-8.38],[-35.453,-8.385],[-35.448,-8.384],[-35.445,-8.38]]]}},{"type":"Feature","properties":{"id":"2601003","name":"Angelim"},"geometry":{"type":"Polygon","coordinates":[[[-36.325,-8.798],[-36.323,-8.807],[-36.314,-8.803],[-36.318,-8.811],[-36.316,-8.824],[-36.312,-8.828],[-36.309,-8.826],[-36.303,-8.829],[-36.299,-8.833],[-36.289,-8.843],[-36.286,-8.841],[-36.279,-8.843],[-36.268,-8.839],[-36.267,-8.839],[-36.261,-8.847],[-36.264,-8.856],[-36.249,-8.858],[-36.247,-8.854],[-36.242,-8.856],[-36.242,-8.862],[-36.236,-8.869],[-36.227,-8.867],[-36.217,-8.868],[-36.219,-8.875],[-36.224,-8.875],[-36.219,-8.882],[-36.216,-8.883],[-36.231,-8.928],[-36.233,-8.933],[-36.235,-8.934],[-36.258,-8.952],[-36.29,-8.952],[-36.306,-8.953],[-36.314,-8.912],[-36.319,-8.883],[-36.321,-8.872],[-36.315,-8.843],[-36.322,-8.832],[-36.337,-8.808],[-36.342,-8.801],[-36.333,-8.805],[-36.328,-8.799],[-36.325,-8.798]]]}},{"type":"Feature","properties":{"id":"2601052","name":"Araçoiaba"},"geometry":{"type":"Polygon","coordinates":[[[-35.038,-7.768],[-35.04,-7.794],[-35.036,-7.793],[-35.028,-7.8],[-35.021,-7.817],[-35.034,-7.826],[-35.037,-7.871],[-35.054,-7.88],[-35.068,-7.811],[-35.083,-7.804],[-35.093,-7.806],[-35.104,-7.802],[-35.1,-7.807],[-35.1,-7.829],[-35.125,-7.81],[-35.14,-7.794],[-35.138,-7.791],[-35.136,-7.787],[-35.11,-7.749],[-35.11,-7.735],[-35.105,-7.726],[-35.099,-7.722],[-35.091,-7.74],[-35.053,-7.75],[-35.038,-7.768]]]}},{"type":"Feature","properties":{"id":"2601102","name":"Araripina"},"geometry":{"type":"Polygon","coordinates":[[[-40.433,-7.367],[-40.394,-7.368],[-40.374,-7.363],[-40.373,-7.381],[-40.372,-7.389],[-40.37,-7.416],[-40.344,-7.481],[-40.327,-7.525],[-40.286,-7.627],[-40.303,-7.632],[-40.328,-7.642],[-40.343,-7.701],[-40.36,-7.711],[-40.357,-7.75],[-40.355,-7.782],[-40.353,-7.825],[-40.35,-7.835],[-40.343,-7.843],[-40.345,-7.848],[-40.427,-7.871],[-40.453,-7.876],[-40.455,-7.884],[-40.454,-7.889],[-40.466,-7.898],[-40.464,-7.904],[-40.471,-7.905],[-40.478,-7.908],[-40.48,-7.913],[-40.512,-7.923],[-40.527,-7.943],[-40.545,-7.947],[-40.543,-7.907],[-40.538,-7.864],[-40.542,-7.838],[-40.546,-7.83],[-40.551,-7.822],[-40.568,-7.808],[-40.628,-7.792],[-40.653,-7.782],[-40.672,-7.764],[-40.675,-7.752],[-40.674,-7.742],[-40.666,-7.726],[-40.635,-7.699],[-40.625,-7.677],[-40.622,-7.659],[-40.626,-7.631],[-40.644,-7.596],[-40.654,-7.586],[-40.662,-7.579],[-40.665,-7.576],[-40.667,-7.573],[-40.694,-7.538],[-40.709,-7.503],[-40.715,-7.48],[-40.713,-7.473],[-40.704,-7.458],[-40.701,-7.456],[-40.66,-7.448],[-40.658,-7.446],[-40.655,-7.441],[-40.652,-7.433],[-40.589,-7.408],[-40.548,-7.392],[-40.54,-7.344],[-40.541,-7.332],[-40.523,-7.318],[-40.5,-7.328],[-40.476,-7.344],[-40.459,-7.355],[-40.433,-7.367]]]}},{"type":"Feature","properties":{"id":"2601201","name":"Arcoverde"},"geometry":{"type":"Polygon","coordinates":[[[-36.909,-8.295],[-36.924,-8.328],[-36.941,-8.364],[-36.945,-8.373],[-36.948,-8.396],[-36.935,-8.414],[-36.921,-8.43],[-36.901,-8.439],[-36.905,-8.446],[-36.916,-8.451],[-36.917,-8.46],[-36.923,-8.464],[-36.931,-8.459],[-36.934,-8.449],[-36.945,-8.445],[-36.949,-8.447],[-36.958,-8.446],[-36.964,-8.447],[-36.962,-8.459],[-36.978,-8.479],[-36.985,-8.47],[-36.983,-8.452],[-36.993,-8.433],[-36.988,-8.417],[-37.026,-8.42],[-37.032,-8.427],[-37.048,-8.426],[-37.063,-8.431],[-37.041,-8.464],[-37.027,-8.492],[-36.999,-8.499],[-36.994,-8.5],[-37.004,-8.514],[-37.021,-8.5],[-37.081,-8.448],[-37.09,-8.44],[-37.119,-8.433],[-37.139,-8.426],[-37.146,-8.409],[-37.149,-8.403],[-37.12,-8.395],[-37.11,-8.385],[-37.102,-8.384],[-37.099,-8.376],[-37.093,-8.369],[-37.081,-8.366],[-37.071,-8.353],[-37.048,-8.348],[-37.036,-8.323],[-37.036,-8.314],[-37.029,-8.304],[-37.032,-8.299],[-37.02,-8.289],[-37.015,-8.292],[-36.991,-8.303],[-36.978,-8.297],[-36.955,-8.299],[-36.951,-8.296],[-36.947,-8.291],[-36.947,-8.279],[-36.945,-8.275],[-36.923,-8.269],[-36.908,-8.253],[-36.909,-8.295]]]}},{"type":"Feature","properties":{"id":"2601300","name":"Barra de Guabiraba"},"geometry":{"type":"Polygon","coordinates":[[[-35.56,-8.373],[-35.561,-8.375],[-35.561,-8.376],[-35.562,-8.376],[-35.563,-8.376],[-35.564,-8.375],[-35.566,-8.378],[-35.57,-8.38],[-35.57,-8.381],[-35.571,-8.382],[-35.572,-8.382],[-35.575,-8.384],[-35.577,-8.386],[-35.58,-8.388],[-35.581,-8.39],[-35.581,-8.391],[-35.583,-8.392],[-35.585,-8.394],[-35.587,-8.396],[-35.589,-8.399],[-35.592,-8.402],[-35.593,-8.403],[-35.593,-8.405],[-35.592,-8.406],[-35.591,-8.406],[-35.59,-8.409],[-35.589,-8.409],[-35.589,-8.41],[-35.59,-8.411],[-35.592,-8.412],[-35.591,-8.413],[-35.59,-8.413],[-35.587,-8.413],[-35.586,-8.414],[-35.587,-8.417],[-35.586,-8.417],[-35.586,-8.418],[-35.585,-8.418],[-35.586,-8.419],[-35.584,-8.42],[-35.582,-8.423],[-35.58,-8.425],[-35.578,-8.426],[-35.576,-8.428],[-35.575,-8.429],[-35.604,-8.45],[-35.613,-8.456],[-35.655,-8.488],[-35.656,-8.488],[-35.671,-8.459],[-35.68,-8.44],[-35.684,-8.432],[-35.681,-8.42],[-35.676,-8.397],[-35.676,-8.396],[-35.675,-8.395],[-35.675,-8.394],[-35.676,-8.393],[-35.677,-8.393],[-35.678,-8.393],[-35.677,-8.392],[-35.676,-8.39],[-35.675,-8.39],[-35.675,-8.389],[-35.674,-8.388],[-35.674,-8.387],[-35.674,-8.386],[-35.675,-8.385],[-35.676,-8.385],[-35.678,-8.383],[-35.679,-8.383],[-35.679,-8.384],[-35.68,-8.384],[-35.682,-8.383],[-35.683,-8.383],[-35.684,-8.383],[-35.685,-8.382],[-35.686,-8.381],[-35.686,-8.38],[-35.686,-8.379],[-35.689,-8.378],[-35.69,-8.378],[-35.691,-8.377],[-35.691,-8.375],[-35.691,-8.374],[-35.693,-8.372],[-35.693,-8.371],[-35.694,-8.371],[-35.695,-8.372],[-35.696,-8.371],[-35.697,-8.37],[-35.696,-8.37],[-35.654,-8.377],[-35.628,-8.374],[-35.584,-8.361],[-35.549,-8.351],[-35.547,-8.355],[-35.548,-8.356],[-35.55,-8.358],[-35.551,-8.358],[-35.553,-8.359],[-35.556,-8.363],[-35.557,-8.365],[-35.558,-8.366],[-35.559,-8.368],[-35.559,-8.369],[-35.559,-8.37],[-35.56,-8.37],[-35.56,-8.372],[-35.56,-8.373]]]}},{"type":"Feature","properties":{"id":"2601409","name":"Barreiros"},"geometry":{"type":"Polygon","coordinates":[[[-35.223,-8.753],[-35.192,-8.774],[-35.184,-8.769],[-35.177,-8.775],[-35.16,-8.778],[-35.151,-8.775],[-35.147,-8.781],[-35.133,-8.787],[-35.126,-8.801],[-35.118,-8.799],[-35.103,-8.785],[-35.107,-8.794],[-35.119,-8.803],[-35.121,-8.812],[-35.132,-8.826],[-35.134,-8.841],[-35.13,-8.862],[-35.139,-8.843],[-35.135,-8.832],[-35.137,-8.829],[-35.173,-8.837],[-35.218,-8.846],[-35.249,-8.852],[-35.261,-8.855],[-35.263,-8.855],[-35.247,-8.868],[-35.243,-8.879],[-35.235,-8.883],[-35.243,-8.885],[-35.244,-8.885],[-35.252,-8.887],[-35.277,-8.875],[-35.287,-8.876],[-35.299,-8.873],[-35.306,-8.871],[-35.35,-8.86],[-35.383,-8.852],[-35.4,-8.85],[-35.407,-8.842],[-35.409,-8.838],[-35.401,-8.832],[-35.395,-8.817],[-35.388,-8.817],[-35.38,-8.818],[-35.367,-8.807],[-35.361,-8.806],[-35.316,-8.792],[-35.302,-8.792],[-35.291,-8.786],[-35.285,-8.789],[-35.284,-8.789],[-35.282,-8.788],[-35.277,-8.786],[-35.265,-8.779],[-35.263,-8.783],[-35.254,-8.782],[-35.259,-8.778],[-35.259,-8.772],[-35.25,-8.77],[-35.247,-8.776],[-35.234,-8.757],[-35.223,-8.753]]]}},{"type":"Feature","properties":{"id":"2601508","name":"Belém de Maria"},"geometry":{"type":"Polygon","coordinates":[[[-35.82,-8.526],[-35.813,-8.551],[-35.807,-8.552],[-35.805,-8.55],[-35.803,-8.548],[-35.802,-8.545],[-35.8,-8.546],[-35.803,-8.555],[-35.804,-8.558],[-35.807,-8.565],[-35.813,-8.584],[-35.812,-8.584],[-35.811,-8.584],[-35.81,-8.584],[-35.809,-8.584],[-35.808,-8.585],[-35.806,-8.588],[-35.805,-8.59],[-35.804,-8.592],[-35.803,-8.594],[-35.8,-8.594],[-35.796,-8.601],[-35.772,-8.649],[-35.759,-8.673],[-35.771,-8.674],[-35.779,-8.676],[-35.781,-8.673],[-35.788,-8.674],[-35.791,-8.668],[-35.799,-8.666],[-35.803,-8.672],[-35.81,-8.673],[-35.807,-8.649],[-35.813,-8.648],[-35.817,-8.647],[-35.817,-8.637],[-35.826,-8.628],[-35.831,-8.625],[-35.839,-8.628],[-35.84,-8.625],[-35.841,-8.625],[-35.844,-8.622],[-35.855,-8.613],[-35.855,-8.61],[-35.853,-8.607],[-35.853,-8.606],[-35.852,-8.605],[-35.851,-8.604],[-35.851,-8.602],[-35.85,-8.601],[-35.849,-8.6],[-35.847,-8.6],[-35.84,-8.598],[-35.84,-8.597],[-35.838,-8.596],[-35.836,-8.593],[-35.838,-8.59],[-35.844,-8.591],[-35.848,-8.587],[-35.846,-8.581],[-35.838,-8.578],[-35.845,-8.562],[-35.853,-8.545],[-35.855,-8.537],[-35.853,-8.535],[-35.849,-8.541],[-35.842,-8.541],[-35.844,-8.536],[-35.845,-8.535],[-35.845,-8.534],[-35.844,-8.531],[-35.843,-8.528],[-35.84,-8.526],[-35.838,-8.525],[-35.837,-8.525],[-35.832,-8.528],[-35.83,-8.529],[-35.829,-8.53],[-35.828,-8.53],[-35.826,-8.523],[-35.825,-8.523],[-35.821,-8.522],[-35.821,-8.524],[-35.82,-8.526]]]}},{"type":"Feature","properties":{"id":"2601607","name":"Belém de São Francisco"},"geometry":{"type":"Polygon","coordinates":[[[-38.887,-8.354],[-38.886,-8.368],[-38.878,-8.374],[-38.873,-8.39],[-38.875,-8.395],[-38.868,-8.401],[-38.87,-8.408],[-38.859,-8.414],[-38.846,-8.434],[-38.846,-8.435],[-38.84,-8.44],[-38.843,-8.445],[-38.849,-8.467],[-38.838,-8.48],[-38.836,-8.476],[-38.832,-8.477],[-38.832,-8.493],[-38.829,-8.494],[-38.831,-8.497],[-38.834,-8.507],[-38.817,-8.505],[-38.806,-8.512],[-38.799,-8.514],[-38.795,-8.52],[-38.791,-8.526],[-38.782,-8.529],[-38.777,-8.536],[-38.774,-8.548],[-38.776,-8.554],[-38.766,-8.563],[-38.766,-8.569],[-38.757,-8.575],[-38.744,-8.574],[-38.706,-8.587],[-38.668,-8.595],[-38.662,-8.602],[-38.652,-8.599],[-38.651,-8.602],[-38.656,-8.607],[-38.65,-8.609],[-38.651,-8.613],[-38.636,-8.614],[-38.63,-8.617],[-38.629,-8.621],[-38.745,-8.661],[-38.843,-8.695],[-38.845,-8.715],[-38.854,-8.729],[-38.851,-8.74],[-38.852,-8.762],[-38.848,-8.767],[-38.857,-8.775],[-38.855,-8.784],[-38.868,-8.783],[-38.884,-8.789],[-38.925,-8.794],[-38.943,-8.804],[-38.954,-8.804],[-38.965,-8.794],[-38.977,-8.793],[-38.992,-8.767],[-39.014,-8.753],[-39.03,-8.738],[-39.042,-8.733],[-39.064,-8.731],[-39.09,-8.723],[-39.114,-8.718],[-39.126,-8.715],[-39.153,-8.708],[-39.169,-8.692],[-39.174,-8.701],[-39.181,-8.706],[-39.2,-8.711],[-39.217,-8.708],[-39.222,-8.711],[-39.228,-8.71],[-39.234,-8.705],[-39.244,-8.686],[-39.248,-8.668],[-39.246,-8.647],[-39.241,-8.641],[-39.244,-8.631],[-39.244,-8.63],[-39.253,-8.62],[-39.266,-8.611],[-39.272,-8.596],[-39.272,-8.583],[-39.266,-8.579],[-39.265,-8.577],[-39.241,-8.541],[-39.241,-8.54],[-39.235,-8.536],[-39.229,-8.542],[-39.22,-8.532],[-39.211,-8.532],[-39.209,-8.527],[-39.214,-8.522],[-39.2,-8.511],[-39.192,-8.515],[-39.183,-8.51],[-39.173,-8.514],[-39.176,-8.504],[-39.166,-8.498],[-39.16,-8.504],[-39.152,-8.504],[-39.152,-8.511],[-39.148,-8.516],[-39.145,-8.51],[-39.134,-8.507],[-39.134,-8.503],[-39.125,-8.496],[-39.13,-8.487],[-39.123,-8.479],[-39.11,-8.479],[-39.116,-8.469],[-39.113,-8.465],[-39.105,-8.466],[-39.102,-8.463],[-39.101,-8.46],[-39.105,-8.457],[-39.101,-8.452],[-39.095,-8.448],[-39.088,-8.449],[-39.088,-8.443],[-39.084,-8.442],[-39.083,-8.433],[-39.09,-8.43],[-39.089,-8.422],[-39.082,-8.413],[-39.069,-8.415],[-39.063,-8.41],[-39.067,-8.405],[-39.063,-8.397],[-39.067,-8.39],[-39.066,-8.385],[-39.051,-8.384],[-39.047,-8.38],[-39.046,-8.379],[-39.041,-8.38],[-39.03,-8.373],[-39.015,-8.375],[-39.011,-8.38],[-38.995,-8.373],[-38.997,-8.365],[-38.994,-8.355],[-38.99,-8.357],[-38.982,-8.353],[-38.979,-8.356],[-38.974,-8.352],[-38.968,-8.354],[-38.963,-8.352],[-38.953,-8.357],[-38.936,-8.353],[-38.928,-8.356],[-38.915,-8.34],[-38.915,-8.333],[-38.911,-8.33],[-38.888,-8.349],[-38.887,-8.354]]]}},{"type":"Feature","properties":{"id":"2601706","name":"Belo Jardim"},"geometry":{"type":"Polygon","coordinates":[[[-36.379,-8.201],[-36.375,-8.205],[-36.366,-8.21],[-36.362,-8.225],[-36.358,-8.222],[-36.354,-8.219],[-36.341,-8.19],[-36.331,-8.165],[-36.331,-8.164],[-36.277,-8.161],[-36.269,-8.161],[-36.239,-8.168],[-36.245,-8.177],[-36.25,-8.187],[-36.246,-8.187],[-36.245,-8.2],[-36.226,-8.218],[-36.207,-8.225],[-36.208,-8.239],[-36.23,-8.254],[-36.25,-8.275],[-36.267,-8.283],[-36.3,-8.285],[-36.316,-8.296],[-36.315,-8.29],[-36.333,-8.296],[-36.338,-8.307],[-36.335,-8.322],[-36.342,-8.34],[-36.351,-8.364],[-36.361,-8.389],[-36.38,-8.39],[-36.383,-8.389],[-36.396,-8.388],[-36.404,-8.374],[-36.408,-8.376],[-36.409,-8.381],[-36.423,-8.386],[-36.435,-8.399],[-36.445,-8.399],[-36.449,-8.397],[-36.454,-8.387],[-36.458,-8.391],[-36.467,-8.389],[-36.471,-8.401],[-36.478,-8.402],[-36.475,-8.404],[-36.479,-8.407],[-36.481,-8.402],[-36.488,-8.402],[-36.49,-8.405],[-36.485,-8.409],[-36.502,-8.409],[-36.503,-8.402],[-36.51,-8.402],[-36.492,-8.383],[-36.489,-8.354],[-36.489,-8.353],[-36.484,-8.314],[-36.493,-8.315],[-36.494,-8.322],[-36.501,-8.324],[-36.511,-8.321],[-36.525,-8.303],[-36.52,-8.297],[-36.498,-8.288],[-36.498,-8.281],[-36.494,-8.279],[-36.495,-8.272],[-36.498,-8.27],[-36.486,-8.252],[-36.487,-8.246],[-36.494,-8.232],[-36.5,-8.236],[-36.508,-8.23],[-36.517,-8.232],[-36.524,-8.246],[-36.527,-8.246],[-36.53,-8.239],[-36.542,-8.239],[-36.542,-8.248],[-36.535,-8.252],[-36.56,-8.274],[-36.56,-8.283],[-36.606,-8.212],[-36.589,-8.209],[-36.581,-8.205],[-36.572,-8.208],[-36.564,-8.205],[-36.547,-8.21],[-36.532,-8.192],[-36.531,-8.185],[-36.528,-8.183],[-36.524,-8.181],[-36.512,-8.158],[-36.501,-8.151],[-36.492,-8.136],[-36.494,-8.126],[-36.493,-8.126],[-36.462,-8.138],[-36.444,-8.145],[-36.44,-8.148],[-36.435,-8.153],[-36.387,-8.194],[-36.379,-8.201]]]}},{"type":"Feature","properties":{"id":"2601805","name":"Betânia"},"geometry":{"type":"Polygon","coordinates":[[[-37.936,-8.064],[-37.92,-8.075],[-37.91,-8.074],[-37.902,-8.074],[-37.893,-8.081],[-37.881,-8.074],[-37.871,-8.077],[-37.849,-8.083],[-37.834,-8.079],[-37.831,-8.075],[-37.811,-8.081],[-37.802,-8.168],[-37.799,-8.196],[-37.801,-8.21],[-37.812,-8.22],[-37.812,-8.224],[-37.843,-8.245],[-37.843,-8.252],[-37.852,-8.265],[-37.847,-8.277],[-37.859,-8.297],[-37.853,-8.309],[-37.855,-8.314],[-37.851,-8.317],[-37.852,-8.324],[-37.859,-8.329],[-37.858,-8.345],[-37.868,-8.358],[-37.894,-8.392],[-37.909,-8.403],[-37.93,-8.429],[-37.93,-8.438],[-37.954,-8.452],[-37.96,-8.452],[-37.966,-8.458],[-37.998,-8.456],[-38.001,-8.452],[-38.007,-8.457],[-38.022,-8.45],[-38.027,-8.459],[-38.036,-8.46],[-38.046,-8.456],[-38.05,-8.45],[-38.062,-8.449],[-38.065,-8.443],[-38.072,-8.445],[-38.069,-8.439],[-38.079,-8.433],[-38.081,-8.422],[-38.086,-8.42],[-38.088,-8.416],[-38.09,-8.415],[-38.122,-8.406],[-38.138,-8.408],[-38.152,-8.404],[-38.168,-8.396],[-38.166,-8.387],[-38.169,-8.374],[-38.177,-8.359],[-38.182,-8.356],[-38.182,-8.351],[-38.185,-8.347],[-38.194,-8.318],[-38.193,-8.305],[-38.19,-8.3],[-38.192,-8.289],[-38.182,-8.28],[-38.178,-8.279],[-38.178,-8.276],[-38.177,-8.268],[-38.167,-8.266],[-38.167,-8.256],[-38.174,-8.247],[-38.163,-8.236],[-38.152,-8.223],[-38.141,-8.221],[-38.133,-8.215],[-38.118,-8.22],[-38.113,-8.214],[-38.114,-8.202],[-38.106,-8.186],[-38.095,-8.179],[-38.085,-8.164],[-38.062,-8.148],[-38.048,-8.151],[-38.027,-8.139],[-38.028,-8.133],[-38.024,-8.121],[-38.011,-8.115],[-37.985,-8.086],[-37.973,-8.08],[-37.958,-8.08],[-37.941,-8.077],[-37.939,-8.068],[-37.936,-8.064]]]}},{"type":"Feature","properties":{"id":"2601904","name":"Bezerros"},"geometry":{"type":"Polygon","coordinates":[[[-35.63,-8.104],[-35.657,-8.174],[-35.656,-8.181],[-35.655,-8.203],[-35.667,-8.209],[-35.685,-8.211],[-35.706,-8.22],[-35.707,-8.22],[-35.711,-8.223],[-35.718,-8.219],[-35.718,-8.243],[-35.73,-8.259],[-35.736,-8.268],[-35.744,-8.273],[-35.752,-8.288],[-35.758,-8.29],[-35.777,-8.298],[-35.775,-8.307],[-35.769,-8.313],[-35.784,-8.326],[-35.792,-8.329],[-35.801,-8.341],[-35.804,-8.347],[-35.803,-8.357],[-35.799,-8.364],[-35.8,-8.369],[-35.813,-8.386],[-35.822,-8.382],[-35.826,-8.374],[-35.836,-8.371],[-35.843,-8.371],[-35.842,-8.379],[-35.853,-8.376],[-35.859,-8.375],[-35.869,-8.38],[-35.871,-8.379],[-35.876,-8.377],[-35.885,-8.381],[-35.896,-8.385],[-35.902,-8.384],[-35.903,-8.38],[-35.904,-8.374],[-35.921,-8.365],[-35.918,-8.359],[-35.89,-8.351],[-35.879,-8.33],[-35.87,-8.32],[-35.867,-8.317],[-35.853,-8.303],[-35.853,-8.299],[-35.856,-8.294],[-35.858,-8.287],[-35.863,-8.285],[-35.852,-8.274],[-35.853,-8.27],[-35.857,-8.258],[-35.87,-8.228],[-35.874,-8.219],[-35.878,-8.209],[-35.88,-8.206],[-35.888,-8.189],[-35.89,-8.179],[-35.888,-8.172],[-35.887,-8.171],[-35.874,-8.162],[-35.867,-8.165],[-35.854,-8.162],[-35.847,-8.153],[-35.848,-8.147],[-35.844,-8.146],[-35.847,-8.137],[-35.842,-8.126],[-35.843,-8.124],[-35.835,-8.114],[-35.822,-8.113],[-35.793,-8.112],[-35.718,-8.108],[-35.682,-8.106],[-35.659,-8.105],[-35.649,-8.105],[-35.63,-8.104]]]}},{"type":"Feature","properties":{"id":"2602001","name":"Bodocó"},"geometry":{"type":"Polygon","coordinates":[[[-39.904,-7.367],[-39.904,-7.421],[-39.904,-7.452],[-39.904,-7.478],[-39.904,-7.49],[-39.904,-7.517],[-39.904,-7.6],[-39.904,-7.654],[-39.904,-7.706],[-39.9,-7.706],[-39.814,-7.69],[-39.812,-7.698],[-39.812,-7.702],[-39.788,-7.803],[-39.782,-7.828],[-39.78,-7.835],[-39.762,-7.912],[-39.797,-7.956],[-39.823,-7.989],[-39.853,-8.028],[-39.862,-8.016],[-39.874,-8.011],[-39.875,-8.0],[-39.879,-7.998],[-39.882,-7.99],[-39.888,-7.99],[-39.897,-7.974],[-39.9,-7.978],[-39.903,-7.977],[-39.91,-7.953],[-39.91,-7.94],[-39.914,-7.934],[-39.933,-7.913],[-39.932,-7.906],[-39.929,-7.905],[-39.943,-7.894],[-39.936,-7.889],[-39.939,-7.886],[-39.934,-7.874],[-39.935,-7.869],[-39.933,-7.869],[-39.933,-7.861],[-39.928,-7.853],[-39.933,-7.845],[-39.932,-7.836],[-39.938,-7.832],[-39.936,-7.825],[-39.945,-7.818],[-39.96,-7.815],[-39.976,-7.806],[-39.984,-7.804],[-40.003,-7.8],[-40.011,-7.792],[-40.032,-7.795],[-40.054,-7.805],[-40.069,-7.802],[-40.075,-7.796],[-40.078,-7.797],[-40.082,-7.794],[-40.089,-7.778],[-40.095,-7.736],[-40.1,-7.71],[-40.104,-7.687],[-40.106,-7.671],[-40.11,-7.65],[-40.11,-7.649],[-40.118,-7.601],[-40.123,-7.573],[-40.125,-7.559],[-40.129,-7.534],[-40.131,-7.525],[-40.143,-7.453],[-40.156,-7.374],[-40.157,-7.371],[-40.15,-7.374],[-40.127,-7.382],[-40.087,-7.383],[-40.009,-7.375],[-39.998,-7.373],[-39.926,-7.341],[-39.904,-7.338],[-39.904,-7.367]]]}},{"type":"Feature","properties":{"id":"2602100","name":"Bom Conselho"},"geometry":{"type":"Polygon","coordinates":[[[-36.689,-9.066],[-36.704,-9.096],[-36.707,-9.113],[-36.696,-9.114],[-36.676,-9.125],[-36.667,-9.123],[-36.657,-9.127],[-36.645,-9.123],[-36.635,-9.12],[-36.632,-9.115],[-36.625,-9.116],[-36.622,-9.121],[-36.616,-9.116],[-36.609,-9.121],[-36.575,-9.119],[-36.563,-9.119],[-36.533,-9.101],[-36.53,-9.103],[-36.533,-9.109],[-36.526,-9.109],[-36.524,-9.116],[-36.526,-9.119],[-36.516,-9.122],[-36.515,-9.127],[-36.511,-9.136],[-36.518,-9.141],[-36.512,-9.147],[-36.514,-9.159],[-36.503,-9.165],[-36.507,-9.17],[-36.507,-9.176],[-36.525,-9.186],[-36.52,-9.191],[-36.522,-9.195],[-36.52,-9.199],[-36.525,-9.209],[-36.52,-9.207],[-36.52,-9.211],[-36.524,-9.215],[-36.513,-9.232],[-36.507,-9.234],[-36.511,-9.248],[-36.509,-9.255],[-36.507,-9.26],[-36.5,-9.262],[-36.503,-9.271],[-36.549,-9.285],[-36.572,-9.292],[-36.572,-9.32],[-36.568,-9.318],[-36.564,-9.322],[-36.567,-9.332],[-36.576,-9.331],[-36.586,-9.338],[-36.593,-9.334],[-36.605,-9.341],[-36.607,-9.333],[-36.613,-9.334],[-36.614,-9.331],[-36.615,-9.323],[-36.619,-9.328],[-36.623,-9.326],[-36.625,-9.331],[-36.628,-9.332],[-36.628,-9.328],[-36.634,-9.326],[-36.635,-9.32],[-36.64,-9.32],[-36.644,-9.314],[-36.649,-9.315],[-36.657,-9.311],[-36.679,-9.287],[-36.685,-9.283],[-36.694,-9.275],[-36.728,-9.273],[-36.758,-9.271],[-36.773,-9.279],[-36.797,-9.293],[-36.836,-9.288],[-36.839,-9.288],[-36.844,-9.282],[-36.848,-9.276],[-36.871,-9.268],[-36.879,-9.276],[-36.881,-9.275],[-36.883,-9.264],[-36.877,-9.207],[-36.872,-9.168],[-36.835,-9.157],[-36.809,-9.149],[-36.769,-9.137],[-36.781,-9.118],[-36.784,-9.113],[-36.781,-9.106],[-36.776,-9.105],[-36.777,-9.099],[-36.775,-9.098],[-36.769,-9.092],[-36.758,-9.093],[-36.752,-9.089],[-36.742,-9.065],[-36.734,-9.06],[-36.735,-9.058],[-36.719,-9.037],[-36.703,-9.021],[-36.688,-9.02],[-36.691,-9.051],[-36.689,-9.066]]]}},{"type":"Feature","properties":{"id":"2602209","name":"Bom Jardim"},"geometry":{"type":"Polygon","coordinates":[[[-35.453,-7.689],[-35.45,-7.692],[-35.427,-7.713],[-35.422,-7.718],[-35.419,-7.721],[-35.427,-7.719],[-35.457,-7.714],[-35.457,-7.715],[-35.458,-7.716],[-35.459,-7.718],[-35.462,-7.719],[-35.471,-7.731],[-35.473,-7.734],[-35.475,-7.735],[-35.476,-7.737],[-35.477,-7.738],[-35.478,-7.739],[-35.479,-7.74],[-35.481,-7.742],[-35.481,-7.751],[-35.481,-7.752],[-35.482,-7.754],[-35.482,-7.755],[-35.481,-7.756],[-35.481,-7.757],[-35.481,-7.758],[-35.482,-7.761],[-35.481,-7.763],[-35.482,-7.764],[-35.482,-7.765],[-35.481,-7.766],[-35.481,-7.767],[-35.482,-7.768],[-35.482,-7.769],[-35.485,-7.778],[-35.484,-7.779],[-35.482,-7.782],[-35.481,-7.783],[-35.479,-7.783],[-35.477,-7.783],[-35.476,-7.784],[-35.476,-7.785],[-35.476,-7.786],[-35.477,-7.797],[-35.493,-7.804],[-35.502,-7.807],[-35.504,-7.805],[-35.508,-7.803],[-35.509,-7.803],[-35.51,-7.802],[-35.511,-7.801],[-35.52,-7.802],[-35.52,-7.803],[-35.521,-7.804],[-35.526,-7.806],[-35.548,-7.822],[-35.556,-7.826],[-35.565,-7.831],[-35.568,-7.834],[-35.577,-7.828],[-35.584,-7.832],[-35.598,-7.838],[-35.601,-7.838],[-35.603,-7.838],[-35.63,-7.84],[-35.636,-7.841],[-35.684,-7.844],[-35.687,-7.847],[-35.7,-7.848],[-35.698,-7.843],[-35.701,-7.834],[-35.708,-7.831],[-35.709,-7.828],[-35.709,-7.823],[-35.708,-7.821],[-35.708,-7.817],[-35.709,-7.817],[-35.71,-7.817],[-35.712,-7.816],[-35.71,-7.806],[-35.711,-7.805],[-35.71,-7.805],[-35.709,-7.799],[-35.71,-7.798],[-35.71,-7.796],[-35.71,-7.795],[-35.71,-7.794],[-35.711,-7.792],[-35.709,-7.79],[-35.708,-7.784],[-35.708,-7.783],[-35.708,-7.782],[-35.707,-7.781],[-35.707,-7.78],[-35.705,-7.775],[-35.695,-7.775],[-35.671,-7.775],[-35.672,-7.76],[-35.67,-7.756],[-35.664,-7.755],[-35.663,-7.755],[-35.654,-7.757],[-35.653,-7.757],[-35.644,-7.759],[-35.639,-7.757],[-35.637,-7.759],[-35.629,-7.766],[-35.626,-7.763],[-35.622,-7.774],[-35.622,-7.775],[-35.617,-7.773],[-35.619,-7.777],[-35.612,-7.781],[-35.61,-7.781],[-35.6,-7.763],[-35.588,-7.746],[-35.586,-7.743],[-35.569,-7.73],[-35.548,-7.716],[-35.549,-7.722],[-35.538,-7.728],[-35.541,-7.735],[-35.539,-7.737],[-35.529,-7.743],[-35.533,-7.748],[-35.526,-7.749],[-35.523,-7.744],[-35.52,-7.749],[-35.515,-7.748],[-35.514,-7.748],[-35.511,-7.747],[-35.502,-7.739],[-35.501,-7.737],[-35.496,-7.734],[-35.49,-7.73],[-35.49,-7.729],[-35.484,-7.73],[-35.473,-7.715],[-35.453,-7.689]]]}},{"type":"Feature","properties":{"id":"2602308","name":"Bonito"},"geometry":{"type":"Polygon","coordinates":[[[-35.695,-8.372],[-35.694,-8.371],[-35.693,-8.371],[-35.693,-8.372],[-35.691,-8.374],[-35.691,-8.375],[-35.691,-8.377],[-35.69,-8.378],[-35.689,-8.378],[-35.686,-8.379],[-35.686,-8.38],[-35.686,-8.381],[-35.685,-8.382],[-35.684,-8.383],[-35.683,-8.383],[-35.682,-8.383],[-35.68,-8.384],[-35.679,-8.384],[-35.679,-8.383],[-35.678,-8.383],[-35.676,-8.385],[-35.675,-8.385],[-35.674,-8.386],[-35.674,-8.387],[-35.674,-8.388],[-35.675,-8.389],[-35.675,-8.39],[-35.676,-8.39],[-35.677,-8.392],[-35.678,-8.393],[-35.677,-8.393],[-35.676,-8.393],[-35.675,-8.394],[-35.675,-8.395],[-35.676,-8.396],[-35.676,-8.397],[-35.681,-8.42],[-35.684,-8.432],[-35.68,-8.44],[-35.671,-8.459],[-35.656,-8.488],[-35.655,-8.488],[-35.613,-8.456],[-35.604,-8.45],[-35.575,-8.429],[-35.565,-8.414],[-35.564,-8.416],[-35.562,-8.417],[-35.562,-8.419],[-35.559,-8.42],[-35.559,-8.421],[-35.557,-8.422],[-35.557,-8.423],[-35.555,-8.425],[-35.554,-8.424],[-35.554,-8.427],[-35.553,-8.427],[-35.553,-8.428],[-35.553,-8.429],[-35.553,-8.43],[-35.552,-8.431],[-35.55,-8.432],[-35.551,-8.432],[-35.551,-8.433],[-35.552,-8.433],[-35.553,-8.433],[-35.554,-8.433],[-35.555,-8.433],[-35.555,-8.434],[-35.556,-8.434],[-35.557,-8.435],[-35.559,-8.435],[-35.561,-8.436],[-35.561,-8.438],[-35.562,-8.438],[-35.563,-8.438],[-35.564,-8.439],[-35.563,-8.44],[-35.563,-8.442],[-35.562,-8.443],[-35.561,-8.443],[-35.562,-8.445],[-35.562,-8.447],[-35.562,-8.448],[-35.562,-8.449],[-35.56,-8.45],[-35.558,-8.45],[-35.557,-8.449],[-35.556,-8.449],[-35.555,-8.45],[-35.554,-8.45],[-35.553,-8.452],[-35.553,-8.454],[-35.552,-8.454],[-35.55,-8.453],[-35.548,-8.453],[-35.546,-8.452],[-35.546,-8.453],[-35.546,-8.454],[-35.545,-8.455],[-35.545,-8.456],[-35.546,-8.458],[-35.547,-8.459],[-35.548,-8.461],[-35.548,-8.462],[-35.548,-8.463],[-35.548,-8.466],[-35.547,-8.467],[-35.547,-8.468],[-35.547,-8.469],[-35.548,-8.47],[-35.549,-8.47],[-35.55,-8.471],[-35.55,-8.472],[-35.551,-8.472],[-35.553,-8.472],[-35.553,-8.471],[-35.553,-8.472],[-35.554,-8.473],[-35.555,-8.474],[-35.556,-8.476],[-35.556,-8.477],[-35.555,-8.478],[-35.554,-8.478],[-35.553,-8.478],[-35.552,-8.478],[-35.551,-8.478],[-35.55,-8.479],[-35.549,-8.479],[-35.548,-8.479],[-35.546,-8.479],[-35.545,-8.479],[-35.544,-8.479],[-35.543,-8.48],[-35.543,-8.481],[-35.543,-8.482],[-35.543,-8.483],[-35.542,-8.485],[-35.543,-8.486],[-35.544,-8.487],[-35.545,-8.486],[-35.546,-8.486],[-35.547,-8.486],[-35.547,-8.487],[-35.548,-8.486],[-35.549,-8.486],[-35.551,-8.488],[-35.553,-8.489],[-35.557,-8.492],[-35.558,-8.493],[-35.561,-8.494],[-35.564,-8.496],[-35.565,-8.497],[-35.567,-8.497],[-35.57,-8.498],[-35.572,-8.5],[-35.572,-8.502],[-35.573,-8.503],[-35.574,-8.504],[-35.575,-8.505],[-35.577,-8.506],[-35.58,-8.507],[-35.581,-8.508],[-35.586,-8.511],[-35.588,-8.514],[-35.588,-8.515],[-35.586,-8.515],[-35.586,-8.516],[-35.587,-8.517],[-35.588,-8.517],[-35.591,-8.518],[-35.594,-8.518],[-35.596,-8.519],[-35.598,-8.521],[-35.603,-8.524],[-35.605,-8.525],[-35.606,-8.525],[-35.607,-8.529],[-35.608,-8.529],[-35.61,-8.53],[-35.612,-8.53],[-35.614,-8.529],[-35.615,-8.53],[-35.614,-8.533],[-35.615,-8.535],[-35.616,-8.536],[-35.617,-8.537],[-35.617,-8.539],[-35.618,-8.54],[-35.62,-8.54],[-35.622,-8.541],[-35.625,-8.544],[-35.629,-8.547],[-35.63,-8.547],[-35.633,-8.55],[-35.634,-8.55],[-35.635,-8.55],[-35.637,-8.551],[-35.638,-8.554],[-35.638,-8.556],[-35.641,-8.553],[-35.641,-8.551],[-35.641,-8.548],[-35.641,-8.535],[-35.652,-8.537],[-35.665,-8.54],[-35.695,-8.546],[-35.698,-8.547],[-35.698,-8.551],[-35.699,-8.551],[-35.7,-8.552],[-35.699,-8.553],[-35.699,-8.554],[-35.699,-8.555],[-35.699,-8.557],[-35.698,-8.558],[-35.699,-8.558],[-35.699,-8.559],[-35.699,-8.56],[-35.7,-8.561],[-35.701,-8.562],[-35.7,-8.563],[-35.699,-8.565],[-35.698,-8.566],[-35.698,-8.567],[-35.699,-8.568],[-35.699,-8.569],[-35.7,-8.57],[-35.699,-8.571],[-35.699,-8.572],[-35.7,-8.572],[-35.699,-8.573],[-35.698,-8.576],[-35.697,-8.578],[-35.695,-8.58],[-35.691,-8.585],[-35.691,-8.586],[-35.691,-8.587],[-35.692,-8.587],[-35.692,-8.588],[-35.693,-8.588],[-35.693,-8.589],[-35.693,-8.59],[-35.694,-8.591],[-35.692,-8.591],[-35.691,-8.593],[-35.688,-8.594],[-35.688,-8.596],[-35.693,-8.597],[-35.694,-8.598],[-35.699,-8.599],[-35.7,-8.598],[-35.702,-8.596],[-35.703,-8.595],[-35.704,-8.593],[-35.705,-8.592],[-35.707,-8.589],[-35.707,-8.588],[-35.707,-8.587],[-35.708,-8.586],[-35.711,-8.582],[-35.712,-8.582],[-35.713,-8.58],[-35.714,-8.579],[-35.718,-8.579],[-35.719,-8.579],[-35.72,-8.579],[-35.722,-8.579],[-35.723,-8.579],[-35.725,-8.579],[-35.725,-8.58],[-35.725,-8.582],[-35.724,-8.584],[-35.723,-8.585],[-35.722,-8.585],[-35.721,-8.586],[-35.721,-8.587],[-35.721,-8.588],[-35.721,-8.589],[-35.723,-8.59],[-35.724,-8.591],[-35.726,-8.592],[-35.728,-8.593],[-35.73,-8.593],[-35.731,-8.592],[-35.732,-8.591],[-35.733,-8.591],[-35.741,-8.59],[-35.745,-8.589],[-35.746,-8.588],[-35.747,-8.587],[-35.747,-8.586],[-35.749,-8.585],[-35.75,-8.584],[-35.752,-8.583],[-35.754,-8.582],[-35.755,-8.583],[-35.756,-8.586],[-35.756,-8.587],[-35.757,-8.588],[-35.76,-8.592],[-35.761,-8.593],[-35.763,-8.593],[-35.765,-8.593],[-35.768,-8.594],[-35.77,-8.595],[-35.772,-8.598],[-35.773,-8.599],[-35.775,-8.599],[-35.776,-8.597],[-35.777,-8.596],[-35.777,-8.594],[-35.776,-8.593],[-35.779,-8.59],[-35.78,-8.589],[-35.781,-8.59],[-35.782,-8.593],[-35.784,-8.595],[-35.784,-8.596],[-35.786,-8.597],[-35.788,-8.597],[-35.792,-8.599],[-35.793,-8.599],[-35.793,-8.598],[-35.794,-8.596],[-35.795,-8.595],[-35.798,-8.594],[-35.8,-8.594],[-35.802,-8.595],[-35.803,-8.594],[-35.804,-8.592],[-35.805,-8.59],[-35.806,-8.588],[-35.808,-8.585],[-35.809,-8.584],[-35.81,-8.584],[-35.811,-8.584],[-35.812,-8.584],[-35.813,-8.584],[-35.804,-8.558],[-35.8,-8.546],[-35.802,-8.545],[-35.803,-8.548],[-35.805,-8.55],[-35.807,-8.552],[-35.81,-8.552],[-35.813,-8.551],[-35.815,-8.549],[-35.821,-8.524],[-35.821,-8.522],[-35.822,-8.52],[-35.822,-8.513],[-35.821,-8.512],[-35.821,-8.51],[-35.819,-8.507],[-35.818,-8.503],[-35.817,-8.5],[-35.818,-8.499],[-35.819,-8.497],[-35.82,-8.495],[-35.82,-8.494],[-35.822,-8.493],[-35.823,-8.492],[-35.824,-8.49],[-35.826,-8.489],[-35.826,-8.488],[-35.828,-8.488],[-35.829,-8.487],[-35.83,-8.486],[-35.832,-8.486],[-35.834,-8.485],[-35.836,-8.484],[-35.838,-8.481],[-35.837,-8.477],[-35.833,-8.472],[-35.832,-8.47],[-35.828,-8.469],[-35.827,-8.464],[-35.826,-8.462],[-35.824,-8.46],[-35.822,-8.46],[-35.819,-8.463],[-35.815,-8.465],[-35.813,-8.464],[-35.81,-8.467],[-35.808,-8.467],[-35.803,-8.465],[-35.797,-8.464],[-35.796,-8.464],[-35.794,-8.463],[-35.791,-8.462],[-35.788,-8.464],[-35.785,-8.463],[-35.781,-8.458],[-35.774,-8.452],[-35.772,-8.453],[-35.766,-8.452],[-35.764,-8.451],[-35.762,-8.445],[-35.764,-8.443],[-35.763,-8.44],[-35.761,-8.441],[-35.755,-8.44],[-35.742,-8.436],[-35.743,-8.433],[-35.757,-8.412],[-35.758,-8.411],[-35.758,-8.409],[-35.754,-8.407],[-35.753,-8.406],[-35.751,-8.402],[-35.757,-8.374],[-35.756,-8.375],[-35.753,-8.376],[-35.723,-8.384],[-35.723,-8.386],[-35.719,-8.388],[-35.697,-8.37],[-35.696,-8.371],[-35.695,-8.372]]]}},{"type":"Feature","properties":{"id":"2602407","name":"Brejão"},"geometry":{"type":"Polygon","coordinates":[[[-36.539,-8.96],[-36.531,-8.966],[-36.51,-8.954],[-36.498,-8.958],[-36.48,-8.97],[-36.48,-8.973],[-36.48,-8.988],[-36.479,-9.01],[-36.478,-9.083],[-36.478,-9.086],[-36.49,-9.091],[-36.53,-9.103],[-36.533,-9.101],[-36.535,-9.098],[-36.545,-9.1],[-36.548,-9.096],[-36.542,-9.092],[-36.544,-9.079],[-36.557,-9.072],[-36.563,-9.078],[-36.567,-9.077],[-36.56,-9.07],[-36.57,-9.069],[-36.57,-9.064],[-36.578,-9.064],[-36.577,-9.058],[-36.581,-9.058],[-36.582,-9.05],[-36.585,-9.049],[-36.587,-9.044],[-36.597,-9.051],[-36.592,-9.041],[-36.596,-9.039],[-36.6,-9.033],[-36.59,-9.024],[-36.594,-9.02],[-36.59,-9.016],[-36.592,-9.009],[-36.59,-9.005],[-36.594,-9.001],[-36.595,-8.999],[-36.59,-8.995],[-36.586,-8.997],[-36.58,-8.994],[-36.585,-8.991],[-36.584,-8.987],[-36.561,-8.989],[-36.57,-8.977],[-36.555,-8.965],[-36.549,-8.953],[-36.54,-8.959],[-36.539,-8.96]]]}},{"type":"Feature","properties":{"id":"2602506","name":"Brejinho"},"geometry":{"type":"Polygon","coordinates":[[[-37.261,-7.279],[-37.261,-7.307],[-37.273,-7.326],[-37.271,-7.336],[-37.275,-7.342],[-37.28,-7.35],[-37.28,-7.358],[-37.28,-7.359],[-37.283,-7.369],[-37.27,-7.393],[-37.28,-7.394],[-37.29,-7.395],[-37.307,-7.376],[-37.316,-7.365],[-37.346,-7.369],[-37.347,-7.367],[-37.352,-7.354],[-37.359,-7.369],[-37.357,-7.377],[-37.368,-7.379],[-37.382,-7.373],[-37.41,-7.379],[-37.427,-7.366],[-37.431,-7.356],[-37.425,-7.353],[-37.412,-7.361],[-37.408,-7.358],[-37.385,-7.356],[-37.349,-7.337],[-37.357,-7.323],[-37.346,-7.309],[-37.332,-7.289],[-37.314,-7.289],[-37.307,-7.289],[-37.288,-7.288],[-37.277,-7.275],[-37.26,-7.274],[-37.261,-7.279]]]}},{"type":"Feature","properties":{"id":"2602605","name":"Brejo da Madre de Deus"},"geometry":{"type":"Polygon","coordinates":[[[-36.4,-7.938],[-36.387,-7.939],[-36.38,-7.936],[-36.372,-7.945],[-36.371,-7.951],[-36.36,-7.953],[-36.36,-7.948],[-36.351,-7.955],[-36.353,-7.962],[-36.343,-7.959],[-36.327,-7.968],[-36.31,-7.959],[-36.294,-7.944],[-36.271,-7.947],[-36.263,-7.953],[-36.227,-7.955],[-36.22,-7.958],[-36.217,-7.958],[-36.209,-7.96],[-36.206,-7.964],[-36.2,-7.961],[-36.191,-7.958],[-36.176,-7.968],[-36.164,-7.966],[-36.16,-7.965],[-36.159,-7.972],[-36.149,-7.972],[-36.149,-7.964],[-36.142,-7.964],[-36.135,-7.964],[-36.131,-7.97],[-36.126,-7.967],[-36.118,-7.969],[-36.112,-7.97],[-36.111,-7.977],[-36.106,-7.978],[-36.111,-7.996],[-36.122,-8.005],[-36.126,-8.004],[-36.133,-8.011],[-36.129,-8.015],[-36.145,-8.025],[-36.147,-8.031],[-36.154,-8.032],[-36.159,-8.049],[-36.17,-8.047],[-36.165,-8.054],[-36.168,-8.058],[-36.177,-8.06],[-36.18,-8.065],[-36.18,-8.071],[-36.175,-8.082],[-36.173,-8.095],[-36.166,-8.1],[-36.166,-8.113],[-36.169,-8.122],[-36.176,-8.128],[-36.179,-8.142],[-36.171,-8.147],[-36.17,-8.155],[-36.165,-8.16],[-36.159,-8.16],[-36.158,-8.163],[-36.153,-8.166],[-36.149,-8.164],[-36.146,-8.179],[-36.139,-8.188],[-36.132,-8.191],[-36.122,-8.187],[-36.129,-8.196],[-36.141,-8.192],[-36.162,-8.216],[-36.193,-8.236],[-36.206,-8.225],[-36.207,-8.225],[-36.226,-8.218],[-36.245,-8.2],[-36.246,-8.187],[-36.25,-8.187],[-36.245,-8.177],[-36.239,-8.168],[-36.269,-8.161],[-36.277,-8.161],[-36.331,-8.164],[-36.331,-8.165],[-36.341,-8.19],[-36.354,-8.219],[-36.358,-8.222],[-36.362,-8.225],[-36.366,-8.21],[-36.375,-8.205],[-36.379,-8.201],[-36.387,-8.194],[-36.435,-8.153],[-36.44,-8.148],[-36.444,-8.145],[-36.433,-8.116],[-36.414,-8.066],[-36.399,-8.028],[-36.38,-7.976],[-36.391,-7.967],[-36.443,-7.92],[-36.423,-7.922],[-36.4,-7.938]]]}},{"type":"Feature","properties":{"id":"2602704","name":"Buenos Aires"},"geometry":{"type":"Polygon","coordinates":[[[-35.259,-7.675],[-35.283,-7.722],[-35.297,-7.751],[-35.298,-7.753],[-35.304,-7.766],[-35.317,-7.774],[-35.33,-7.772],[-35.343,-7.77],[-35.355,-7.778],[-35.358,-7.77],[-35.364,-7.767],[-35.383,-7.762],[-35.389,-7.761],[-35.395,-7.766],[-35.396,-7.767],[-35.406,-7.776],[-35.416,-7.789],[-35.434,-7.749],[-35.414,-7.741],[-35.413,-7.74],[-35.41,-7.733],[-35.384,-7.723],[-35.382,-7.718],[-35.378,-7.711],[-35.37,-7.695],[-35.356,-7.709],[-35.336,-7.707],[-35.322,-7.703],[-35.312,-7.706],[-35.302,-7.709],[-35.295,-7.71],[-35.259,-7.675]]]}},{"type":"Feature","properties":{"id":"2602803","name":"Buíque"},"geometry":{"type":"Polygon","coordinates":[[[-37.202,-8.417],[-37.187,-8.42],[-37.184,-8.416],[-37.177,-8.416],[-37.164,-8.41],[-37.16,-8.404],[-37.149,-8.403],[-37.146,-8.409],[-37.139,-8.426],[-37.119,-8.433],[-37.09,-8.44],[-37.081,-8.448],[-37.021,-8.5],[-37.004,-8.514],[-37.068,-8.534],[-37.047,-8.542],[-37.033,-8.538],[-37.025,-8.542],[-37.024,-8.542],[-37.022,-8.544],[-37.001,-8.541],[-36.996,-8.545],[-36.994,-8.554],[-36.988,-8.557],[-36.987,-8.566],[-36.982,-8.608],[-36.971,-8.708],[-36.971,-8.709],[-36.97,-8.711],[-36.983,-8.815],[-36.992,-8.894],[-36.993,-8.896],[-37.006,-8.906],[-37.025,-8.912],[-37.027,-8.917],[-37.047,-8.921],[-37.052,-8.928],[-37.052,-8.934],[-37.063,-8.935],[-37.069,-8.943],[-37.074,-8.943],[-37.088,-8.964],[-37.099,-8.971],[-37.101,-8.96],[-37.093,-8.954],[-37.085,-8.939],[-37.088,-8.929],[-37.081,-8.918],[-37.083,-8.9],[-37.088,-8.895],[-37.083,-8.879],[-37.085,-8.873],[-37.079,-8.869],[-37.081,-8.862],[-37.098,-8.838],[-37.097,-8.834],[-37.111,-8.827],[-37.115,-8.82],[-37.115,-8.811],[-37.12,-8.811],[-37.133,-8.807],[-37.133,-8.803],[-37.142,-8.8],[-37.151,-8.789],[-37.153,-8.782],[-37.157,-8.779],[-37.153,-8.768],[-37.169,-8.764],[-37.174,-8.766],[-37.179,-8.754],[-37.188,-8.752],[-37.199,-8.747],[-37.2,-8.745],[-37.212,-8.743],[-37.221,-8.746],[-37.228,-8.743],[-37.24,-8.752],[-37.251,-8.75],[-37.254,-8.757],[-37.274,-8.755],[-37.278,-8.74],[-37.286,-8.732],[-37.295,-8.716],[-37.295,-8.708],[-37.295,-8.707],[-37.298,-8.691],[-37.291,-8.685],[-37.295,-8.668],[-37.296,-8.665],[-37.301,-8.64],[-37.288,-8.601],[-37.287,-8.599],[-37.277,-8.569],[-37.251,-8.579],[-37.242,-8.587],[-37.239,-8.598],[-37.231,-8.603],[-37.212,-8.592],[-37.212,-8.59],[-37.222,-8.589],[-37.223,-8.584],[-37.22,-8.563],[-37.211,-8.557],[-37.218,-8.543],[-37.213,-8.531],[-37.207,-8.526],[-37.191,-8.523],[-37.189,-8.507],[-37.188,-8.503],[-37.207,-8.488],[-37.191,-8.484],[-37.191,-8.474],[-37.214,-8.472],[-37.215,-8.465],[-37.221,-8.462],[-37.222,-8.453],[-37.228,-8.443],[-37.22,-8.419],[-37.223,-8.406],[-37.223,-8.405],[-37.208,-8.407],[-37.203,-8.416],[-37.202,-8.417]]]}},{"type":"Feature","properties":{"id":"2602902","name":"Cabo de Santo Agostinho"},"geometry":{"type":"Polygon","coordinates":[[[-35.242,-8.195],[-35.241,-8.212],[-35.228,-8.207],[-35.225,-8.201],[-35.227,-8.196],[-35.219,-8.187],[-35.215,-8.187],[-35.208,-8.192],[-35.206,-8.193],[-35.199,-8.198],[-35.162,-8.224],[-35.162,-8.222],[-35.164,-8.217],[-35.155,-8.202],[-35.15,-8.186],[-35.144,-8.185],[-35.14,-8.188],[-35.134,-8.185],[-35.13,-8.188],[-35.127,-8.184],[-35.123,-8.186],[-35.12,-8.184],[-35.115,-8.191],[-35.109,-8.189],[-35.108,-8.192],[-35.078,-8.219],[-35.075,-8.217],[-35.072,-8.222],[-35.066,-8.221],[-35.064,-8.222],[-35.062,-8.221],[-35.006,-8.207],[-35.004,-8.209],[-34.995,-8.224],[-34.992,-8.225],[-34.986,-8.218],[-34.986,-8.225],[-34.983,-8.226],[-34.984,-8.229],[-34.977,-8.231],[-34.97,-8.225],[-34.971,-8.217],[-34.966,-8.214],[-34.962,-8.215],[-34.955,-8.226],[-34.957,-8.231],[-34.944,-8.242],[-34.937,-8.24],[-34.931,-8.229],[-34.925,-8.224],[-34.921,-8.223],[-34.92,-8.227],[-34.94,-8.254],[-34.944,-8.279],[-34.95,-8.29],[-34.95,-8.297],[-34.939,-8.303],[-34.951,-8.337],[-34.948,-8.343],[-34.942,-8.343],[-34.94,-8.351],[-34.946,-8.359],[-34.955,-8.355],[-34.961,-8.366],[-34.966,-8.361],[-34.975,-8.36],[-34.978,-8.354],[-34.986,-8.353],[-34.989,-8.356],[-34.992,-8.361],[-35.012,-8.357],[-35.016,-8.36],[-35.023,-8.363],[-35.028,-8.361],[-35.044,-8.349],[-35.051,-8.352],[-35.063,-8.35],[-35.07,-8.347],[-35.081,-8.332],[-35.094,-8.33],[-35.101,-8.326],[-35.107,-8.329],[-35.108,-8.334],[-35.117,-8.327],[-35.14,-8.31],[-35.149,-8.299],[-35.147,-8.293],[-35.146,-8.289],[-35.151,-8.279],[-35.195,-8.297],[-35.201,-8.294],[-35.204,-8.296],[-35.205,-8.29],[-35.21,-8.287],[-35.218,-8.291],[-35.229,-8.294],[-35.233,-8.292],[-35.238,-8.292],[-35.237,-8.281],[-35.238,-8.272],[-35.25,-8.278],[-35.252,-8.264],[-35.259,-8.264],[-35.265,-8.255],[-35.265,-8.242],[-35.248,-8.185],[-35.242,-8.195]]]}},{"type":"Feature","properties":{"id":"2603009","name":"Cabrobó"},"geometry":{"type":"Polygon","coordinates":[[[-39.316,-8.185],[-39.313,-8.192],[-39.301,-8.227],[-39.284,-8.221],[-39.26,-8.219],[-39.249,-8.213],[-39.232,-8.219],[-39.208,-8.227],[-39.187,-8.247],[-39.178,-8.255],[-39.124,-8.306],[-39.046,-8.379],[-39.047,-8.38],[-39.051,-8.384],[-39.066,-8.385],[-39.067,-8.39],[-39.063,-8.397],[-39.067,-8.405],[-39.063,-8.41],[-39.069,-8.415],[-39.082,-8.413],[-39.089,-8.422],[-39.09,-8.43],[-39.083,-8.433],[-39.084,-8.442],[-39.088,-8.443],[-39.088,-8.449],[-39.095,-8.448],[-39.101,-8.452],[-39.105,-8.457],[-39.101,-8.46],[-39.102,-8.463],[-39.105,-8.466],[-39.113,-8.465],[-39.116,-8.469],[-39.11,-8.479],[-39.123,-8.479],[-39.13,-8.487],[-39.125,-8.496],[-39.134,-8.503],[-39.134,-8.507],[-39.145,-8.51],[-39.148,-8.516],[-39.152,-8.511],[-39.152,-8.504],[-39.16,-8.504],[-39.166,-8.498],[-39.176,-8.504],[-39.173,-8.514],[-39.183,-8.51],[-39.192,-8.515],[-39.2,-8.511],[-39.214,-8.522],[-39.209,-8.527],[-39.211,-8.532],[-39.22,-8.532],[-39.229,-8.542],[-39.235,-8.536],[-39.241,-8.54],[-39.241,-8.541],[-39.265,-8.577],[-39.266,-8.579],[-39.272,-8.583],[-39.286,-8.563],[-39.312,-8.558],[-39.336,-8.558],[-39.345,-8.558],[-39.357,-8.547],[-39.364,-8.537],[-39.386,-8.533],[-39.407,-8.538],[-39.416,-8.542],[-39.427,-8.558],[-39.435,-8.563],[-39.447,-8.562],[-39.456,-8.568],[-39.461,-8.582],[-39.476,-8.592],[-39.477,-8.581],[-39.477,-8.579],[-39.477,-8.559],[-39.477,-8.534],[-39.496,-8.524],[-39.497,-8.524],[-39.501,-8.518],[-39.514,-8.514],[-39.541,-8.473],[-39.545,-8.473],[-39.549,-8.466],[-39.547,-8.456],[-39.551,-8.444],[-39.553,-8.439],[-39.561,-8.435],[-39.559,-8.426],[-39.565,-8.414],[-39.563,-8.403],[-39.555,-8.4],[-39.555,-8.391],[-39.559,-8.386],[-39.553,-8.369],[-39.556,-8.363],[-39.543,-8.35],[-39.54,-8.337],[-39.569,-8.249],[-39.553,-8.244],[-39.544,-8.245],[-39.54,-8.238],[-39.525,-8.242],[-39.516,-8.238],[-39.509,-8.24],[-39.498,-8.248],[-39.486,-8.245],[-39.468,-8.236],[-39.464,-8.238],[-39.459,-8.242],[-39.453,-8.242],[-39.447,-8.246],[-39.43,-8.243],[-39.425,-8.245],[-39.414,-8.24],[-39.407,-8.247],[-39.394,-8.248],[-39.391,-8.253],[-39.385,-8.253],[-39.379,-8.259],[-39.377,-8.254],[-39.369,-8.249],[-39.379,-8.243],[-39.377,-8.238],[-39.373,-8.23],[-39.372,-8.225],[-39.371,-8.221],[-39.377,-8.218],[-39.371,-8.215],[-39.366,-8.203],[-39.356,-8.196],[-39.354,-8.203],[-39.35,-8.204],[-39.349,-8.199],[-39.341,-8.199],[-39.336,-8.194],[-39.337,-8.184],[-39.33,-8.187],[-39.317,-8.182],[-39.316,-8.185]]]}},{"type":"Feature","properties":{"id":"2603108","name":"Cachoeirinha"},"geometry":{"type":"Polygon","coordinates":[[[-36.302,-8.413],[-36.269,-8.43],[-36.255,-8.437],[-36.245,-8.442],[-36.224,-8.453],[-36.222,-8.466],[-36.22,-8.472],[-36.217,-8.488],[-36.243,-8.518],[-36.267,-8.562],[-36.273,-8.562],[-36.275,-8.562],[-36.28,-8.566],[-36.332,-8.614],[-36.333,-8.606],[-36.326,-8.593],[-36.328,-8.588],[-36.327,-8.571],[-36.324,-8.568],[-36.326,-8.563],[-36.308,-8.533],[-36.307,-8.529],[-36.318,-8.496],[-36.319,-8.491],[-36.324,-8.481],[-36.315,-8.475],[-36.307,-8.477],[-36.303,-8.472],[-36.288,-8.474],[-36.285,-8.468],[-36.281,-8.459],[-36.284,-8.453],[-36.288,-8.449],[-36.288,-8.441],[-36.295,-8.437],[-36.297,-8.439],[-36.305,-8.431],[-36.312,-8.424],[-36.323,-8.431],[-36.33,-8.431],[-36.333,-8.436],[-36.349,-8.436],[-36.355,-8.425],[-36.361,-8.389],[-36.353,-8.387],[-36.332,-8.381],[-36.336,-8.394],[-36.302,-8.412],[-36.302,-8.413]]]}},{"type":"Feature","properties":{"id":"2603207","name":"Caetés"},"geometry":{"type":"Polygon","coordinates":[[[-36.632,-8.754],[-36.619,-8.771],[-36.601,-8.77],[-36.581,-8.771],[-36.573,-8.762],[-36.562,-8.761],[-36.555,-8.758],[-36.547,-8.772],[-36.54,-8.783],[-36.542,-8.784],[-36.563,-8.806],[-36.57,-8.814],[-36.574,-8.822],[-36.584,-8.828],[-36.567,-8.845],[-36.544,-8.881],[-36.551,-8.887],[-36.565,-8.89],[-36.574,-8.888],[-36.607,-8.892],[-36.609,-8.896],[-36.613,-8.895],[-36.612,-8.906],[-36.634,-8.883],[-36.651,-8.866],[-36.666,-8.867],[-36.671,-8.854],[-36.665,-8.839],[-36.667,-8.832],[-36.679,-8.832],[-36.685,-8.832],[-36.708,-8.832],[-36.726,-8.832],[-36.765,-8.834],[-36.787,-8.835],[-36.818,-8.837],[-36.819,-8.814],[-36.82,-8.81],[-36.82,-8.802],[-36.812,-8.8],[-36.799,-8.789],[-36.794,-8.767],[-36.779,-8.766],[-36.776,-8.759],[-36.769,-8.756],[-36.766,-8.749],[-36.769,-8.744],[-36.77,-8.74],[-36.782,-8.733],[-36.77,-8.731],[-36.753,-8.729],[-36.702,-8.723],[-36.653,-8.745],[-36.652,-8.745],[-36.632,-8.754]]]}},{"type":"Feature","properties":{"id":"2603306","name":"Calçado"},"geometry":{"type":"Polygon","coordinates":[[[-36.251,-8.788],[-36.299,-8.833],[-36.303,-8.829],[-36.309,-8.826],[-36.312,-8.828],[-36.316,-8.824],[-36.318,-8.811],[-36.314,-8.803],[-36.323,-8.807],[-36.325,-8.798],[-36.328,-8.799],[-36.365,-8.752],[-36.371,-8.743],[-36.37,-8.713],[-36.37,-8.712],[-36.37,-8.71],[-36.369,-8.699],[-36.369,-8.687],[-36.374,-8.668],[-36.382,-8.635],[-36.357,-8.664],[-36.332,-8.692],[-36.328,-8.696],[-36.315,-8.711],[-36.294,-8.735],[-36.279,-8.753],[-36.249,-8.786],[-36.251,-8.788]]]}},{"type":"Feature","properties":{"id":"2603405","name":"Calumbi"},"geometry":{"type":"Polygon","coordinates":[[[-38.087,-7.933],[-38.083,-7.937],[-38.072,-7.927],[-38.07,-7.919],[-38.059,-7.923],[-38.052,-7.921],[-38.048,-7.93],[-38.035,-7.963],[-38.064,-7.998],[-38.065,-8.0],[-38.06,-8.001],[-38.054,-8.004],[-38.047,-8.018],[-38.017,-8.029],[-38.005,-8.052],[-37.984,-8.06],[-37.97,-8.076],[-37.939,-8.068],[-37.941,-8.077],[-37.958,-8.08],[-37.973,-8.08],[-37.985,-8.086],[-38.011,-8.115],[-38.024,-8.121],[-38.028,-8.133],[-38.063,-8.093],[-38.097,-8.053],[-38.114,-8.019],[-38.116,-8.014],[-38.142,-7.96],[-38.149,-7.945],[-38.152,-7.943],[-38.158,-7.936],[-38.164,-7.934],[-38.167,-7.927],[-38.163,-7.905],[-38.16,-7.905],[-38.129,-7.904],[-38.12,-7.908],[-38.104,-7.916],[-38.094,-7.922],[-38.092,-7.922],[-38.086,-7.924],[-38.087,-7.933]]]}},{"type":"Feature","properties":{"id":"2603454","name":"Camaragibe"},"geometry":{"type":"Polygon","coordinates":[[[-35.0,-7.949],[-35.002,-7.963],[-34.993,-7.962],[-34.98,-7.97],[-34.963,-7.974],[-34.964,-7.989],[-34.962,-7.993],[-34.965,-8.008],[-34.962,-8.018],[-34.966,-8.018],[-34.973,-8.025],[-34.984,-8.036],[-34.992,-8.031],[-34.997,-8.037],[-35.002,-8.035],[-35.013,-8.036],[-35.017,-8.019],[-34.996,-8.014],[-35.0,-8.005],[-35.016,-7.991],[-35.008,-7.972],[-35.014,-7.969],[-35.017,-7.959],[-35.028,-7.958],[-35.035,-7.941],[-35.027,-7.934],[-35.02,-7.932],[-35.014,-7.925],[-35.004,-7.926],[-35.0,-7.93],[-35.009,-7.945],[-35.0,-7.949]]]}},{"type":"Feature","properties":{"id":"2603504","name":"Camocim de São Félix"},"geometry":{"type":"Polygon","coordinates":[[[-35.731,-8.362],[-35.733,-8.367],[-35.733,-8.37],[-35.731,-8.37],[-35.73,-8.371],[-35.728,-8.372],[-35.727,-8.373],[-35.726,-8.374],[-35.725,-8.375],[-35.724,-8.375],[-35.724,-8.376],[-35.723,-8.376],[-35.722,-8.376],[-35.722,-8.377],[-35.722,-8.381],[-35.723,-8.384],[-35.753,-8.376],[-35.756,-8.375],[-35.757,-8.374],[-35.772,-8.373],[-35.772,-8.367],[-35.8,-8.369],[-35.799,-8.364],[-35.803,-8.357],[-35.804,-8.347],[-35.801,-8.341],[-35.792,-8.329],[-35.784,-8.326],[-35.769,-8.313],[-35.775,-8.307],[-35.777,-8.298],[-35.758,-8.29],[-35.735,-8.306],[-35.729,-8.315],[-35.735,-8.323],[-35.734,-8.332],[-35.739,-8.34],[-35.731,-8.362]]]}},{"type":"Feature","properties":{"id":"2603603","name":"Camutanga"},"geometry":{"type":"Polygon","coordinates":[[[-35.267,-7.409],[-35.246,-7.424],[-35.241,-7.432],[-35.237,-7.44],[-35.241,-7.437],[-35.259,-7.421],[-35.314,-7.475],[-35.319,-7.457],[-35.329,-7.454],[-35.337,-7.437],[-35.334,-7.435],[-35.334,-7.43],[-35.342,-7.422],[-35.333,-7.422],[-35.333,-7.415],[-35.32,-7.419],[-35.313,-7.417],[-35.31,-7.412],[-35.284,-7.405],[-35.273,-7.404],[-35.267,-7.409]]]}},{"type":"Feature","properties":{"id":"2603702","name":"Canhotinho"},"geometry":{"type":"Polygon","coordinates":[[[-36.201,-8.754],[-36.216,-8.793],[-36.205,-8.791],[-36.187,-8.787],[-36.186,-8.781],[-36.179,-8.782],[-36.169,-8.793],[-36.162,-8.794],[-36.158,-8.797],[-36.157,-8.805],[-36.149,-8.804],[-36.148,-8.813],[-36.152,-8.818],[-36.149,-8.826],[-36.141,-8.825],[-36.136,-8.834],[-36.121,-8.836],[-36.125,-8.842],[-36.118,-8.848],[-36.116,-8.85],[-36.115,-8.85],[-36.089,-8.871],[-36.089,-8.872],[-36.061,-8.895],[-36.033,-8.908],[-36.064,-8.915],[-36.084,-8.942],[-36.086,-8.944],[-36.126,-8.955],[-36.127,-8.956],[-36.129,-8.971],[-36.126,-8.981],[-36.112,-8.987],[-36.104,-8.999],[-36.109,-9.008],[-36.113,-9.009],[-36.115,-9.013],[-36.111,-9.017],[-36.13,-9.026],[-36.155,-9.032],[-36.16,-9.028],[-36.169,-9.029],[-36.174,-9.021],[-36.179,-9.024],[-36.182,-9.021],[-36.187,-9.027],[-36.19,-9.022],[-36.195,-9.023],[-36.195,-9.019],[-36.197,-9.021],[-36.218,-9.023],[-36.219,-9.003],[-36.244,-9.0],[-36.246,-8.995],[-36.233,-8.933],[-36.231,-8.928],[-36.216,-8.883],[-36.219,-8.882],[-36.224,-8.875],[-36.219,-8.875],[-36.217,-8.868],[-36.227,-8.867],[-36.236,-8.869],[-36.242,-8.862],[-36.242,-8.856],[-36.247,-8.854],[-36.249,-8.858],[-36.264,-8.856],[-36.261,-8.847],[-36.267,-8.839],[-36.268,-8.839],[-36.279,-8.843],[-36.286,-8.841],[-36.289,-8.843],[-36.299,-8.833],[-36.251,-8.788],[-36.249,-8.786],[-36.245,-8.778],[-36.239,-8.762],[-36.228,-8.736],[-36.218,-8.713],[-36.194,-8.712],[-36.187,-8.712],[-36.184,-8.711],[-36.198,-8.745],[-36.201,-8.754]]]}},{"type":"Feature","properties":{"id":"2603801","name":"Capoeiras"},"geometry":{"type":"Polygon","coordinates":[[[-36.603,-8.594],[-36.609,-8.606],[-36.591,-8.601],[-36.586,-8.601],[-36.577,-8.616],[-36.571,-8.616],[-36.57,-8.612],[-36.568,-8.619],[-36.573,-8.624],[-36.568,-8.625],[-36.567,-8.637],[-36.562,-8.642],[-36.56,-8.641],[-36.556,-8.633],[-36.547,-8.627],[-36.543,-8.624],[-36.542,-8.622],[-36.542,-8.625],[-36.537,-8.643],[-36.534,-8.656],[-36.513,-8.672],[-36.498,-8.68],[-36.497,-8.684],[-36.489,-8.694],[-36.487,-8.703],[-36.492,-8.706],[-36.508,-8.708],[-36.498,-8.717],[-36.513,-8.731],[-36.515,-8.733],[-36.507,-8.744],[-36.51,-8.755],[-36.516,-8.761],[-36.515,-8.771],[-36.504,-8.781],[-36.5,-8.78],[-36.487,-8.795],[-36.499,-8.795],[-36.502,-8.789],[-36.506,-8.791],[-36.518,-8.785],[-36.528,-8.783],[-36.531,-8.788],[-36.54,-8.783],[-36.547,-8.772],[-36.555,-8.758],[-36.562,-8.761],[-36.573,-8.762],[-36.581,-8.771],[-36.601,-8.77],[-36.619,-8.771],[-36.632,-8.754],[-36.652,-8.745],[-36.653,-8.745],[-36.702,-8.723],[-36.69,-8.67],[-36.68,-8.667],[-36.676,-8.66],[-36.678,-8.647],[-36.686,-8.629],[-36.676,-8.614],[-36.668,-8.61],[-36.661,-8.594],[-36.635,-8.574],[-36.634,-8.573],[-36.614,-8.557],[-36.616,-8.57],[-36.611,-8.58],[-36.603,-8.594]]]}},{"type":"Feature","properties":{"id":"2603900","name":"Carnaíba"},"geometry":{"type":"Polygon","coordinates":[[[-37.745,-7.609],[-37.723,-7.616],[-37.706,-7.614],[-37.704,-7.617],[-37.697,-7.627],[-37.68,-7.645],[-37.679,-7.651],[-37.686,-7.66],[-37.688,-7.668],[-37.685,-7.674],[-37.689,-7.684],[-37.691,-7.692],[-37.69,-7.708],[-37.697,-7.718],[-37.693,-7.724],[-37.692,-7.74],[-37.687,-7.743],[-37.688,-7.75],[-37.683,-7.751],[-37.682,-7.761],[-37.698,-7.764],[-37.701,-7.768],[-37.708,-7.77],[-37.706,-7.771],[-37.705,-7.779],[-37.689,-7.792],[-37.687,-7.801],[-37.682,-7.802],[-37.687,-7.812],[-37.692,-7.813],[-37.678,-7.82],[-37.665,-7.832],[-37.617,-7.894],[-37.616,-7.895],[-37.63,-7.9],[-37.641,-7.924],[-37.652,-7.93],[-37.651,-7.936],[-37.652,-7.941],[-37.659,-7.94],[-37.663,-7.953],[-37.673,-7.955],[-37.67,-7.968],[-37.682,-7.971],[-37.681,-7.979],[-37.691,-7.983],[-37.714,-7.936],[-37.73,-7.904],[-37.743,-7.877],[-37.745,-7.871],[-37.83,-7.822],[-37.831,-7.822],[-37.839,-7.822],[-37.838,-7.818],[-37.838,-7.811],[-37.847,-7.803],[-37.799,-7.755],[-37.798,-7.755],[-37.792,-7.727],[-37.782,-7.683],[-37.757,-7.689],[-37.769,-7.675],[-37.767,-7.657],[-37.764,-7.631],[-37.758,-7.634],[-37.756,-7.619],[-37.745,-7.609]]]}},{"type":"Feature","properties":{"id":"2603926","name":"Carnaubeira da Penha"},"geometry":{"type":"Polygon","coordinates":[[[-38.643,-8.303],[-38.628,-8.31],[-38.619,-8.308],[-38.614,-8.31],[-38.607,-8.305],[-38.587,-8.303],[-38.577,-8.297],[-38.571,-8.299],[-38.549,-8.288],[-38.569,-8.369],[-38.593,-8.473],[-38.612,-8.55],[-38.615,-8.564],[-38.629,-8.621],[-38.63,-8.617],[-38.636,-8.614],[-38.651,-8.613],[-38.65,-8.609],[-38.656,-8.607],[-38.651,-8.602],[-38.652,-8.599],[-38.662,-8.602],[-38.668,-8.595],[-38.706,-8.587],[-38.744,-8.574],[-38.757,-8.575],[-38.766,-8.569],[-38.766,-8.563],[-38.776,-8.554],[-38.774,-8.548],[-38.777,-8.536],[-38.782,-8.529],[-38.791,-8.526],[-38.795,-8.52],[-38.799,-8.514],[-38.806,-8.512],[-38.817,-8.505],[-38.834,-8.507],[-38.831,-8.497],[-38.829,-8.494],[-38.832,-8.493],[-38.832,-8.477],[-38.836,-8.476],[-38.838,-8.48],[-38.849,-8.467],[-38.843,-8.445],[-38.84,-8.44],[-38.846,-8.435],[-38.846,-8.434],[-38.859,-8.414],[-38.87,-8.408],[-38.868,-8.401],[-38.875,-8.395],[-38.873,-8.39],[-38.878,-8.374],[-38.886,-8.368],[-38.887,-8.354],[-38.888,-8.349],[-38.911,-8.33],[-38.893,-8.313],[-38.861,-8.292],[-38.858,-8.286],[-38.851,-8.286],[-38.839,-8.275],[-38.837,-8.267],[-38.817,-8.245],[-38.812,-8.235],[-38.749,-8.243],[-38.748,-8.243],[-38.739,-8.245],[-38.731,-8.25],[-38.72,-8.258],[-38.701,-8.262],[-38.697,-8.268],[-38.68,-8.276],[-38.677,-8.28],[-38.653,-8.289],[-38.643,-8.303]]]}},{"type":"Feature","properties":{"id":"2604007","name":"Carpina"},"geometry":{"type":"Polygon","coordinates":[[[-35.37,-7.766],[-35.364,-7.767],[-35.362,-7.767],[-35.358,-7.77],[-35.355,-7.778],[-35.351,-7.775],[-35.349,-7.774],[-35.347,-7.771],[-35.346,-7.772],[-35.343,-7.77],[-35.33,-7.772],[-35.317,-7.774],[-35.304,-7.766],[-35.274,-7.788],[-35.247,-7.808],[-35.226,-7.821],[-35.225,-7.827],[-35.224,-7.853],[-35.222,-7.884],[-35.221,-7.89],[-35.222,-7.89],[-35.23,-7.889],[-35.233,-7.89],[-35.235,-7.89],[-35.239,-7.889],[-35.241,-7.888],[-35.241,-7.887],[-35.243,-7.887],[-35.265,-7.891],[-35.265,-7.892],[-35.268,-7.892],[-35.273,-7.89],[-35.274,-7.89],[-35.277,-7.887],[-35.278,-7.885],[-35.279,-7.883],[-35.279,-7.882],[-35.285,-7.874],[-35.289,-7.874],[-35.29,-7.872],[-35.29,-7.87],[-35.289,-7.868],[-35.286,-7.863],[-35.286,-7.86],[-35.285,-7.857],[-35.283,-7.853],[-35.285,-7.847],[-35.286,-7.846],[-35.286,-7.842],[-35.282,-7.84],[-35.287,-7.833],[-35.291,-7.828],[-35.292,-7.825],[-35.295,-7.82],[-35.295,-7.821],[-35.297,-7.824],[-35.301,-7.827],[-35.316,-7.83],[-35.318,-7.83],[-35.319,-7.83],[-35.32,-7.828],[-35.319,-7.826],[-35.32,-7.824],[-35.328,-7.824],[-35.329,-7.824],[-35.332,-7.824],[-35.333,-7.824],[-35.334,-7.822],[-35.336,-7.822],[-35.337,-7.821],[-35.338,-7.822],[-35.339,-7.823],[-35.341,-7.824],[-35.341,-7.825],[-35.343,-7.825],[-35.343,-7.824],[-35.345,-7.825],[-35.348,-7.828],[-35.35,-7.829],[-35.351,-7.829],[-35.352,-7.829],[-35.357,-7.829],[-35.359,-7.829],[-35.359,-7.828],[-35.361,-7.826],[-35.363,-7.826],[-35.365,-7.825],[-35.369,-7.822],[-35.371,-7.821],[-35.373,-7.82],[-35.376,-7.818],[-35.377,-7.819],[-35.378,-7.818],[-35.379,-7.818],[-35.382,-7.82],[-35.384,-7.819],[-35.385,-7.819],[-35.388,-7.823],[-35.391,-7.825],[-35.393,-7.826],[-35.395,-7.827],[-35.4,-7.827],[-35.402,-7.825],[-35.404,-7.824],[-35.405,-7.825],[-35.406,-7.783],[-35.406,-7.776],[-35.4,-7.77],[-35.396,-7.767],[-35.395,-7.766],[-35.393,-7.762],[-35.389,-7.761],[-35.388,-7.761],[-35.386,-7.761],[-35.383,-7.762],[-35.378,-7.762],[-35.375,-7.764],[-35.371,-7.765],[-35.37,-7.766]]]}},{"type":"Feature","properties":{"id":"2604106","name":"Caruaru"},"geometry":{"type":"Polygon","coordinates":[[[-35.955,-7.99],[-35.941,-7.996],[-35.934,-7.994],[-35.931,-7.993],[-35.93,-7.993],[-35.925,-7.999],[-35.915,-8.004],[-35.918,-8.009],[-35.923,-8.02],[-35.926,-8.026],[-35.935,-8.044],[-35.943,-8.061],[-35.958,-8.091],[-35.974,-8.123],[-35.984,-8.145],[-35.976,-8.165],[-35.964,-8.174],[-35.938,-8.192],[-35.927,-8.2],[-35.922,-8.203],[-35.92,-8.2],[-35.916,-8.187],[-35.901,-8.195],[-35.891,-8.2],[-35.894,-8.196],[-35.894,-8.179],[-35.888,-8.172],[-35.89,-8.179],[-35.888,-8.189],[-35.88,-8.206],[-35.878,-8.209],[-35.874,-8.219],[-35.87,-8.228],[-35.857,-8.258],[-35.853,-8.27],[-35.852,-8.274],[-35.863,-8.285],[-35.858,-8.287],[-35.856,-8.294],[-35.853,-8.299],[-35.853,-8.303],[-35.867,-8.317],[-35.87,-8.32],[-35.879,-8.33],[-35.89,-8.351],[-35.918,-8.359],[-35.921,-8.365],[-35.939,-8.37],[-35.944,-8.368],[-35.944,-8.358],[-35.95,-8.358],[-35.967,-8.358],[-35.971,-8.359],[-35.968,-8.377],[-35.981,-8.385],[-35.981,-8.386],[-35.993,-8.398],[-35.994,-8.393],[-35.993,-8.373],[-36.001,-8.367],[-36.009,-8.361],[-36.025,-8.368],[-36.029,-8.368],[-36.039,-8.374],[-36.053,-8.376],[-36.063,-8.383],[-36.062,-8.377],[-36.062,-8.376],[-36.063,-8.342],[-36.065,-8.329],[-36.065,-8.325],[-36.068,-8.301],[-36.068,-8.299],[-36.073,-8.255],[-36.073,-8.254],[-36.074,-8.236],[-36.081,-8.233],[-36.082,-8.228],[-36.099,-8.21],[-36.105,-8.205],[-36.115,-8.195],[-36.122,-8.187],[-36.132,-8.191],[-36.139,-8.188],[-36.146,-8.179],[-36.149,-8.164],[-36.153,-8.166],[-36.158,-8.163],[-36.159,-8.16],[-36.165,-8.16],[-36.17,-8.155],[-36.171,-8.147],[-36.179,-8.142],[-36.176,-8.128],[-36.169,-8.122],[-36.166,-8.113],[-36.166,-8.1],[-36.173,-8.095],[-36.175,-8.082],[-36.18,-8.071],[-36.18,-8.065],[-36.177,-8.06],[-36.168,-8.058],[-36.165,-8.054],[-36.17,-8.047],[-36.159,-8.049],[-36.154,-8.032],[-36.147,-8.031],[-36.145,-8.025],[-36.129,-8.015],[-36.133,-8.011],[-36.126,-8.004],[-36.122,-8.005],[-36.111,-7.996],[-36.109,-8.004],[-36.097,-8.004],[-36.1,-8.012],[-36.089,-8.016],[-36.082,-8.022],[-36.077,-8.017],[-36.057,-8.011],[-36.043,-8.006],[-36.035,-8.006],[-36.011,-8.004],[-36.008,-7.994],[-36.011,-7.987],[-36.011,-7.979],[-36.007,-7.976],[-35.997,-7.979],[-35.993,-7.981],[-35.958,-7.99],[-35.955,-7.99]]]}},{"type":"Feature","properties":{"id":"2604155","name":"Casinhas"},"geometry":{"type":"Polygon","coordinates":[[[-35.693,-7.699],[-35.69,-7.7],[-35.683,-7.7],[-35.681,-7.7],[-35.68,-7.702],[-35.679,-7.706],[-35.681,-7.709],[-35.681,-7.71],[-35.68,-7.711],[-35.678,-7.712],[-35.677,-7.712],[-35.676,-7.718],[-35.675,-7.719],[-35.674,-7.722],[-35.674,-7.723],[-35.669,-7.73],[-35.667,-7.732],[-35.666,-7.737],[-35.665,-7.738],[-35.664,-7.739],[-35.656,-7.743],[-35.654,-7.745],[-35.653,-7.745],[-35.652,-7.746],[-35.651,-7.747],[-35.652,-7.749],[-35.652,-7.75],[-35.65,-7.752],[-35.647,-7.753],[-35.64,-7.757],[-35.639,-7.757],[-35.644,-7.759],[-35.652,-7.759],[-35.653,-7.757],[-35.66,-7.757],[-35.662,-7.756],[-35.663,-7.755],[-35.665,-7.756],[-35.67,-7.756],[-35.672,-7.76],[-35.671,-7.775],[-35.695,-7.775],[-35.705,-7.775],[-35.706,-7.777],[-35.706,-7.778],[-35.706,-7.78],[-35.707,-7.781],[-35.708,-7.782],[-35.708,-7.783],[-35.708,-7.784],[-35.707,-7.786],[-35.708,-7.787],[-35.709,-7.79],[-35.711,-7.792],[-35.71,-7.794],[-35.71,-7.795],[-35.709,-7.797],[-35.71,-7.798],[-35.709,-7.799],[-35.709,-7.8],[-35.709,-7.804],[-35.711,-7.805],[-35.71,-7.809],[-35.711,-7.809],[-35.71,-7.81],[-35.711,-7.811],[-35.711,-7.813],[-35.712,-7.814],[-35.712,-7.816],[-35.71,-7.817],[-35.709,-7.817],[-35.708,-7.817],[-35.708,-7.819],[-35.708,-7.821],[-35.709,-7.823],[-35.709,-7.828],[-35.708,-7.831],[-35.711,-7.83],[-35.713,-7.829],[-35.714,-7.827],[-35.717,-7.826],[-35.718,-7.829],[-35.72,-7.831],[-35.721,-7.831],[-35.723,-7.83],[-35.725,-7.827],[-35.725,-7.825],[-35.727,-7.824],[-35.729,-7.823],[-35.73,-7.822],[-35.731,-7.82],[-35.732,-7.817],[-35.734,-7.815],[-35.735,-7.816],[-35.738,-7.816],[-35.739,-7.818],[-35.739,-7.819],[-35.738,-7.822],[-35.739,-7.823],[-35.742,-7.825],[-35.742,-7.824],[-35.743,-7.824],[-35.742,-7.82],[-35.743,-7.82],[-35.744,-7.816],[-35.745,-7.815],[-35.75,-7.814],[-35.752,-7.811],[-35.752,-7.809],[-35.751,-7.805],[-35.753,-7.804],[-35.756,-7.804],[-35.76,-7.806],[-35.764,-7.806],[-35.766,-7.805],[-35.767,-7.804],[-35.767,-7.803],[-35.768,-7.802],[-35.771,-7.8],[-35.772,-7.796],[-35.772,-7.794],[-35.773,-7.794],[-35.774,-7.792],[-35.774,-7.788],[-35.774,-7.784],[-35.774,-7.783],[-35.776,-7.781],[-35.777,-7.778],[-35.775,-7.778],[-35.774,-7.778],[-35.773,-7.777],[-35.771,-7.776],[-35.77,-7.775],[-35.768,-7.775],[-35.767,-7.773],[-35.767,-7.772],[-35.766,-7.772],[-35.766,-7.771],[-35.771,-7.765],[-35.79,-7.74],[-35.789,-7.74],[-35.786,-7.739],[-35.78,-7.738],[-35.775,-7.734],[-35.774,-7.732],[-35.773,-7.732],[-35.767,-7.726],[-35.765,-7.724],[-35.759,-7.722],[-35.751,-7.723],[-35.747,-7.723],[-35.746,-7.72],[-35.743,-7.713],[-35.741,-7.712],[-35.736,-7.709],[-35.732,-7.708],[-35.728,-7.708],[-35.721,-7.709],[-35.719,-7.708],[-35.717,-7.708],[-35.713,-7.707],[-35.711,-7.705],[-35.709,-7.699],[-35.708,-7.697],[-35.706,-7.695],[-35.7,-7.691],[-35.697,-7.692],[-35.695,-7.694],[-35.695,-7.697],[-35.693,-7.699]]]}},{"type":"Feature","properties":{"id":"2604205","name":"Catende"},"geometry":{"type":"Polygon","coordinates":[[[-35.722,-8.579],[-35.72,-8.579],[-35.719,-8.579],[-35.718,-8.579],[-35.714,-8.579],[-35.713,-8.58],[-35.712,-8.582],[-35.711,-8.582],[-35.708,-8.586],[-35.707,-8.587],[-35.707,-8.588],[-35.707,-8.589],[-35.705,-8.592],[-35.703,-8.595],[-35.702,-8.596],[-35.7,-8.598],[-35.693,-8.597],[-35.669,-8.598],[-35.671,-8.601],[-35.675,-8.604],[-35.679,-8.611],[-35.687,-8.625],[-35.695,-8.632],[-35.689,-8.641],[-35.674,-8.662],[-35.668,-8.669],[-35.684,-8.693],[-35.707,-8.73],[-35.666,-8.728],[-35.641,-8.729],[-35.642,-8.729],[-35.665,-8.741],[-35.673,-8.75],[-35.679,-8.756],[-35.721,-8.801],[-35.724,-8.759],[-35.742,-8.75],[-35.761,-8.759],[-35.777,-8.768],[-35.775,-8.766],[-35.767,-8.759],[-35.768,-8.749],[-35.763,-8.74],[-35.749,-8.729],[-35.751,-8.723],[-35.75,-8.719],[-35.744,-8.718],[-35.748,-8.702],[-35.755,-8.701],[-35.764,-8.706],[-35.771,-8.703],[-35.779,-8.711],[-35.789,-8.707],[-35.788,-8.703],[-35.793,-8.697],[-35.802,-8.702],[-35.805,-8.697],[-35.81,-8.698],[-35.815,-8.706],[-35.817,-8.694],[-35.811,-8.689],[-35.81,-8.673],[-35.803,-8.672],[-35.799,-8.666],[-35.791,-8.668],[-35.788,-8.674],[-35.781,-8.673],[-35.779,-8.676],[-35.771,-8.674],[-35.759,-8.673],[-35.772,-8.649],[-35.796,-8.601],[-35.8,-8.594],[-35.798,-8.594],[-35.795,-8.595],[-35.794,-8.596],[-35.793,-8.598],[-35.793,-8.599],[-35.791,-8.598],[-35.788,-8.597],[-35.786,-8.597],[-35.781,-8.591],[-35.781,-8.59],[-35.78,-8.589],[-35.779,-8.59],[-35.776,-8.593],[-35.777,-8.594],[-35.773,-8.599],[-35.772,-8.598],[-35.77,-8.595],[-35.768,-8.594],[-35.763,-8.593],[-35.754,-8.582],[-35.752,-8.583],[-35.75,-8.584],[-35.749,-8.585],[-35.747,-8.586],[-35.747,-8.587],[-35.746,-8.587],[-35.745,-8.589],[-35.741,-8.59],[-35.733,-8.591],[-35.732,-8.591],[-35.731,-8.592],[-35.73,-8.593],[-35.721,-8.587],[-35.722,-8.585],[-35.723,-8.585],[-35.724,-8.584],[-35.725,-8.582],[-35.725,-8.58],[-35.725,-8.579],[-35.723,-8.579],[-35.722,-8.579]]]}},{"type":"Feature","properties":{"id":"2604304","name":"Cedro"},"geometry":{"type":"Polygon","coordinates":[[[-39.208,-7.689],[-39.19,-7.699],[-39.189,-7.7],[-39.181,-7.709],[-39.171,-7.715],[-39.146,-7.718],[-39.143,-7.718],[-39.134,-7.725],[-39.123,-7.743],[-39.106,-7.76],[-39.102,-7.771],[-39.116,-7.776],[-39.165,-7.78],[-39.17,-7.781],[-39.21,-7.784],[-39.269,-7.789],[-39.274,-7.786],[-39.271,-7.771],[-39.277,-7.761],[-39.283,-7.751],[-39.278,-7.745],[-39.278,-7.733],[-39.273,-7.73],[-39.265,-7.724],[-39.258,-7.703],[-39.25,-7.698],[-39.252,-7.705],[-39.244,-7.705],[-39.234,-7.696],[-39.222,-7.696],[-39.208,-7.689]]]}},{"type":"Feature","properties":{"id":"2604403","name":"Chã de Alegria"},"geometry":{"type":"Polygon","coordinates":[[[-35.206,-7.965],[-35.18,-7.977],[-35.173,-7.971],[-35.166,-7.978],[-35.165,-7.982],[-35.168,-7.981],[-35.169,-7.987],[-35.178,-7.995],[-35.185,-7.991],[-35.187,-7.993],[-35.193,-7.994],[-35.201,-8.003],[-35.204,-8.011],[-35.214,-8.016],[-35.224,-8.02],[-35.225,-8.027],[-35.231,-8.032],[-35.231,-8.037],[-35.249,-8.052],[-35.26,-8.057],[-35.259,-8.027],[-35.254,-8.021],[-35.253,-8.016],[-35.245,-8.012],[-35.255,-7.998],[-35.247,-7.988],[-35.238,-7.976],[-35.23,-7.956],[-35.217,-7.961],[-35.206,-7.965]]]}},{"type":"Feature","properties":{"id":"2604502","name":"Chã Grande"},"geometry":{"type":"Polygon","coordinates":[[[-35.449,-8.201],[-35.446,-8.204],[-35.429,-8.217],[-35.442,-8.235],[-35.444,-8.242],[-35.438,-8.248],[-35.439,-8.252],[-35.445,-8.25],[-35.45,-8.253],[-35.454,-8.254],[-35.46,-8.265],[-35.466,-8.261],[-35.47,-8.269],[-35.48,-8.275],[-35.485,-8.279],[-35.492,-8.301],[-35.497,-8.281],[-35.499,-8.272],[-35.499,-8.269],[-35.501,-8.263],[-35.508,-8.232],[-35.51,-8.221],[-35.498,-8.205],[-35.491,-8.206],[-35.483,-8.202],[-35.483,-8.197],[-35.492,-8.188],[-35.49,-8.182],[-35.468,-8.174],[-35.456,-8.173],[-35.449,-8.169],[-35.43,-8.164],[-35.431,-8.182],[-35.442,-8.189],[-35.447,-8.191],[-35.456,-8.195],[-35.449,-8.201]]]}},{"type":"Feature","properties":{"id":"2604601","name":"Condado"},"geometry":{"type":"Polygon","coordinates":[[[-35.036,-7.543],[-35.047,-7.55],[-35.047,-7.564],[-35.057,-7.577],[-35.069,-7.581],[-35.076,-7.589],[-35.072,-7.59],[-35.063,-7.594],[-35.061,-7.6],[-35.063,-7.606],[-35.06,-7.61],[-35.067,-7.615],[-35.067,-7.619],[-35.072,-7.618],[-35.073,-7.622],[-35.077,-7.623],[-35.076,-7.627],[-35.081,-7.628],[-35.082,-7.636],[-35.088,-7.64],[-35.093,-7.638],[-35.101,-7.645],[-35.106,-7.644],[-35.113,-7.66],[-35.114,-7.668],[-35.118,-7.671],[-35.122,-7.669],[-35.146,-7.619],[-35.142,-7.605],[-35.129,-7.565],[-35.127,-7.568],[-35.123,-7.561],[-35.118,-7.561],[-35.114,-7.554],[-35.111,-7.558],[-35.101,-7.555],[-35.102,-7.547],[-35.097,-7.543],[-35.087,-7.547],[-35.077,-7.542],[-35.069,-7.545],[-35.061,-7.541],[-35.044,-7.536],[-35.039,-7.537],[-35.036,-7.543]]]}},{"type":"Feature","properties":{"id":"2604700","name":"Correntes"},"geometry":{"type":"Polygon","coordinates":[[[-36.342,-9.046],[-36.334,-9.051],[-36.321,-9.049],[-36.289,-9.049],[-36.273,-9.044],[-36.235,-9.046],[-36.199,-9.048],[-36.204,-9.069],[-36.21,-9.073],[-36.222,-9.073],[-36.222,-9.086],[-36.236,-9.103],[-36.245,-9.099],[-36.267,-9.102],[-36.267,-9.111],[-36.266,-9.112],[-36.26,-9.118],[-36.263,-9.126],[-36.257,-9.138],[-36.246,-9.143],[-36.242,-9.147],[-36.239,-9.16],[-36.225,-9.167],[-36.224,-9.171],[-36.248,-9.177],[-36.253,-9.173],[-36.252,-9.181],[-36.256,-9.182],[-36.261,-9.177],[-36.26,-9.17],[-36.271,-9.171],[-36.274,-9.166],[-36.287,-9.173],[-36.295,-9.172],[-36.297,-9.176],[-36.3,-9.175],[-36.307,-9.178],[-36.309,-9.172],[-36.312,-9.179],[-36.321,-9.185],[-36.327,-9.2],[-36.339,-9.207],[-36.354,-9.201],[-36.349,-9.214],[-36.353,-9.22],[-36.358,-9.218],[-36.365,-9.222],[-36.376,-9.216],[-36.382,-9.22],[-36.39,-9.224],[-36.403,-9.223],[-36.404,-9.203],[-36.405,-9.192],[-36.408,-9.16],[-36.409,-9.153],[-36.413,-9.111],[-36.415,-9.088],[-36.425,-9.09],[-36.429,-9.085],[-36.436,-9.084],[-36.433,-9.08],[-36.445,-9.069],[-36.447,-9.074],[-36.453,-9.072],[-36.465,-9.078],[-36.44,-9.06],[-36.418,-9.044],[-36.406,-9.037],[-36.366,-9.018],[-36.36,-9.025],[-36.351,-9.043],[-36.342,-9.046]]]}},{"type":"Feature","properties":{"id":"2604809","name":"Cortês"},"geometry":{"type":"Polygon","coordinates":[[[-35.547,-8.339],[-35.536,-8.379],[-35.536,-8.38],[-35.535,-8.38],[-35.536,-8.381],[-35.536,-8.384],[-35.535,-8.384],[-35.534,-8.385],[-35.533,-8.385],[-35.532,-8.385],[-35.531,-8.385],[-35.53,-8.386],[-35.528,-8.386],[-35.525,-8.384],[-35.524,-8.384],[-35.523,-8.384],[-35.523,-8.385],[-35.522,-8.385],[-35.52,-8.388],[-35.519,-8.389],[-35.518,-8.39],[-35.517,-8.39],[-35.516,-8.391],[-35.515,-8.393],[-35.516,-8.394],[-35.516,-8.395],[-35.516,-8.398],[-35.517,-8.398],[-35.518,-8.398],[-35.519,-8.399],[-35.519,-8.4],[-35.518,-8.4],[-35.513,-8.409],[-35.507,-8.418],[-35.505,-8.421],[-35.504,-8.421],[-35.504,-8.422],[-35.504,-8.423],[-35.505,-8.423],[-35.506,-8.425],[-35.507,-8.425],[-35.507,-8.426],[-35.507,-8.428],[-35.506,-8.428],[-35.506,-8.429],[-35.505,-8.431],[-35.505,-8.432],[-35.503,-8.433],[-35.502,-8.433],[-35.501,-8.434],[-35.5,-8.434],[-35.466,-8.453],[-35.461,-8.455],[-35.46,-8.456],[-35.459,-8.456],[-35.457,-8.455],[-35.456,-8.454],[-35.455,-8.454],[-35.455,-8.455],[-35.454,-8.455],[-35.453,-8.454],[-35.452,-8.453],[-35.451,-8.453],[-35.45,-8.452],[-35.448,-8.452],[-35.448,-8.451],[-35.446,-8.45],[-35.446,-8.451],[-35.445,-8.451],[-35.446,-8.452],[-35.446,-8.453],[-35.447,-8.455],[-35.449,-8.456],[-35.45,-8.457],[-35.45,-8.458],[-35.453,-8.459],[-35.453,-8.46],[-35.454,-8.461],[-35.455,-8.462],[-35.456,-8.462],[-35.457,-8.462],[-35.458,-8.463],[-35.459,-8.464],[-35.461,-8.465],[-35.462,-8.465],[-35.463,-8.466],[-35.464,-8.466],[-35.465,-8.466],[-35.465,-8.467],[-35.466,-8.467],[-35.468,-8.468],[-35.47,-8.469],[-35.471,-8.47],[-35.474,-8.471],[-35.477,-8.472],[-35.481,-8.474],[-35.483,-8.475],[-35.484,-8.475],[-35.485,-8.474],[-35.492,-8.476],[-35.494,-8.476],[-35.495,-8.477],[-35.496,-8.477],[-35.497,-8.477],[-35.499,-8.477],[-35.5,-8.478],[-35.5,-8.476],[-35.502,-8.476],[-35.502,-8.477],[-35.502,-8.478],[-35.504,-8.481],[-35.505,-8.482],[-35.505,-8.484],[-35.505,-8.485],[-35.504,-8.485],[-35.504,-8.486],[-35.503,-8.486],[-35.503,-8.487],[-35.502,-8.488],[-35.501,-8.488],[-35.5,-8.489],[-35.5,-8.49],[-35.501,-8.491],[-35.502,-8.493],[-35.501,-8.493],[-35.5,-8.493],[-35.5,-8.498],[-35.501,-8.498],[-35.502,-8.499],[-35.503,-8.499],[-35.504,-8.5],[-35.505,-8.501],[-35.506,-8.502],[-35.507,-8.502],[-35.508,-8.501],[-35.507,-8.5],[-35.507,-8.499],[-35.508,-8.498],[-35.508,-8.499],[-35.51,-8.501],[-35.511,-8.501],[-35.512,-8.502],[-35.514,-8.503],[-35.514,-8.504],[-35.515,-8.504],[-35.516,-8.504],[-35.516,-8.503],[-35.517,-8.503],[-35.518,-8.503],[-35.519,-8.504],[-35.52,-8.504],[-35.52,-8.503],[-35.521,-8.503],[-35.522,-8.504],[-35.523,-8.504],[-35.523,-8.505],[-35.524,-8.505],[-35.525,-8.504],[-35.525,-8.502],[-35.524,-8.5],[-35.524,-8.499],[-35.524,-8.496],[-35.524,-8.495],[-35.524,-8.494],[-35.524,-8.493],[-35.525,-8.493],[-35.526,-8.492],[-35.527,-8.492],[-35.528,-8.491],[-35.528,-8.488],[-35.529,-8.488],[-35.529,-8.487],[-35.53,-8.486],[-35.531,-8.485],[-35.533,-8.486],[-35.534,-8.486],[-35.534,-8.485],[-35.534,-8.484],[-35.535,-8.482],[-35.536,-8.482],[-35.538,-8.484],[-35.539,-8.484],[-35.54,-8.485],[-35.541,-8.485],[-35.542,-8.485],[-35.543,-8.483],[-35.543,-8.482],[-35.543,-8.481],[-35.543,-8.48],[-35.544,-8.479],[-35.545,-8.479],[-35.546,-8.479],[-35.548,-8.479],[-35.549,-8.479],[-35.55,-8.479],[-35.551,-8.478],[-35.552,-8.478],[-35.553,-8.478],[-35.554,-8.478],[-35.555,-8.478],[-35.556,-8.477],[-35.556,-8.476],[-35.555,-8.474],[-35.554,-8.473],[-35.553,-8.472],[-35.553,-8.471],[-35.553,-8.472],[-35.551,-8.472],[-35.55,-8.472],[-35.55,-8.471],[-35.549,-8.47],[-35.548,-8.47],[-35.547,-8.469],[-35.547,-8.468],[-35.547,-8.467],[-35.548,-8.466],[-35.548,-8.463],[-35.548,-8.462],[-35.548,-8.461],[-35.547,-8.459],[-35.546,-8.458],[-35.545,-8.456],[-35.545,-8.455],[-35.546,-8.454],[-35.546,-8.453],[-35.546,-8.452],[-35.548,-8.453],[-35.55,-8.453],[-35.552,-8.454],[-35.553,-8.454],[-35.553,-8.452],[-35.554,-8.45],[-35.555,-8.45],[-35.556,-8.449],[-35.557,-8.449],[-35.558,-8.45],[-35.56,-8.45],[-35.562,-8.449],[-35.562,-8.448],[-35.562,-8.447],[-35.562,-8.445],[-35.561,-8.443],[-35.562,-8.443],[-35.563,-8.442],[-35.563,-8.44],[-35.564,-8.439],[-35.563,-8.438],[-35.562,-8.438],[-35.561,-8.438],[-35.561,-8.436],[-35.559,-8.435],[-35.557,-8.435],[-35.556,-8.434],[-35.555,-8.434],[-35.555,-8.433],[-35.554,-8.433],[-35.553,-8.433],[-35.552,-8.433],[-35.551,-8.433],[-35.551,-8.432],[-35.55,-8.432],[-35.552,-8.431],[-35.553,-8.43],[-35.553,-8.429],[-35.553,-8.428],[-35.553,-8.427],[-35.554,-8.427],[-35.554,-8.424],[-35.555,-8.425],[-35.557,-8.423],[-35.557,-8.422],[-35.559,-8.421],[-35.559,-8.42],[-35.562,-8.419],[-35.562,-8.417],[-35.564,-8.416],[-35.565,-8.414],[-35.575,-8.429],[-35.576,-8.428],[-35.578,-8.426],[-35.58,-8.425],[-35.582,-8.423],[-35.584,-8.42],[-35.586,-8.419],[-35.585,-8.418],[-35.586,-8.418],[-35.586,-8.417],[-35.587,-8.417],[-35.586,-8.414],[-35.587,-8.413],[-35.59,-8.413],[-35.591,-8.413],[-35.592,-8.412],[-35.59,-8.411],[-35.589,-8.41],[-35.589,-8.409],[-35.59,-8.409],[-35.591,-8.406],[-35.592,-8.406],[-35.593,-8.405],[-35.593,-8.403],[-35.592,-8.402],[-35.589,-8.399],[-35.587,-8.396],[-35.585,-8.394],[-35.583,-8.392],[-35.581,-8.391],[-35.581,-8.39],[-35.58,-8.388],[-35.577,-8.386],[-35.575,-8.384],[-35.572,-8.382],[-35.571,-8.382],[-35.57,-8.381],[-35.57,-8.38],[-35.566,-8.378],[-35.564,-8.375],[-35.563,-8.376],[-35.562,-8.376],[-35.561,-8.376],[-35.561,-8.375],[-35.56,-8.373],[-35.56,-8.372],[-35.56,-8.37],[-35.559,-8.37],[-35.559,-8.369],[-35.559,-8.368],[-35.558,-8.366],[-35.557,-8.365],[-35.556,-8.363],[-35.553,-8.359],[-35.551,-8.358],[-35.55,-8.358],[-35.548,-8.356],[-35.547,-8.355],[-35.549,-8.351],[-35.55,-8.35],[-35.548,-8.339],[-35.547,-8.339]]]}},{"type":"Feature","properties":{"id":"2604908","name":"Cumaru"},"geometry":{"type":"Polygon","coordinates":[[[-35.654,-7.944],[-35.633,-7.976],[-35.63,-7.98],[-35.628,-7.984],[-35.624,-7.989],[-35.611,-8.009],[-35.611,-8.01],[-35.609,-8.013],[-35.613,-8.021],[-35.621,-8.017],[-35.63,-8.024],[-35.633,-8.024],[-35.638,-8.033],[-35.638,-8.041],[-35.651,-8.043],[-35.658,-8.05],[-35.664,-8.047],[-35.654,-8.066],[-35.65,-8.073],[-35.65,-8.088],[-35.649,-8.105],[-35.659,-8.105],[-35.682,-8.106],[-35.718,-8.108],[-35.793,-8.112],[-35.822,-8.113],[-35.835,-8.114],[-35.836,-8.109],[-35.83,-8.105],[-35.837,-8.098],[-35.834,-8.082],[-35.84,-8.071],[-35.839,-8.069],[-35.831,-8.064],[-35.833,-8.06],[-35.829,-8.055],[-35.826,-8.058],[-35.816,-8.056],[-35.799,-8.041],[-35.798,-8.036],[-35.803,-8.03],[-35.802,-8.028],[-35.796,-8.031],[-35.795,-8.027],[-35.788,-8.022],[-35.786,-8.015],[-35.76,-8.012],[-35.76,-8.006],[-35.765,-8.002],[-35.759,-7.996],[-35.76,-7.992],[-35.754,-7.989],[-35.758,-7.987],[-35.757,-7.975],[-35.74,-7.965],[-35.721,-7.961],[-35.714,-7.959],[-35.705,-7.957],[-35.701,-7.957],[-35.696,-7.957],[-35.688,-7.959],[-35.668,-7.946],[-35.654,-7.944]]]}},{"type":"Feature","properties":{"id":"2605004","name":"Cupira"},"geometry":{"type":"Polygon","coordinates":[[[-35.937,-8.536],[-35.918,-8.551],[-35.919,-8.56],[-35.912,-8.556],[-35.911,-8.56],[-35.9,-8.559],[-35.883,-8.563],[-35.881,-8.562],[-35.872,-8.567],[-35.88,-8.574],[-35.881,-8.58],[-35.888,-8.585],[-35.879,-8.585],[-35.878,-8.585],[-35.848,-8.587],[-35.844,-8.591],[-35.838,-8.59],[-35.836,-8.593],[-35.84,-8.598],[-35.849,-8.6],[-35.851,-8.604],[-35.854,-8.605],[-35.874,-8.61],[-35.897,-8.615],[-35.909,-8.621],[-35.916,-8.622],[-35.942,-8.628],[-35.948,-8.629],[-35.967,-8.623],[-35.983,-8.617],[-35.987,-8.616],[-35.991,-8.59],[-35.997,-8.546],[-35.983,-8.548],[-35.966,-8.549],[-35.948,-8.55],[-35.94,-8.54],[-35.937,-8.536]]]}},{"type":"Feature","properties":{"id":"2605103","name":"Custódia"},"geometry":{"type":"Polygon","coordinates":[[[-37.552,-7.921],[-37.563,-7.939],[-37.554,-7.944],[-37.577,-7.96],[-37.586,-7.971],[-37.585,-7.975],[-37.588,-7.981],[-37.575,-7.98],[-37.561,-7.991],[-37.549,-7.989],[-37.541,-7.978],[-37.533,-7.999],[-37.523,-8.025],[-37.511,-8.057],[-37.523,-8.081],[-37.53,-8.09],[-37.532,-8.122],[-37.532,-8.124],[-37.532,-8.137],[-37.525,-8.142],[-37.518,-8.163],[-37.517,-8.186],[-37.527,-8.201],[-37.537,-8.2],[-37.534,-8.206],[-37.539,-8.212],[-37.539,-8.223],[-37.533,-8.227],[-37.562,-8.266],[-37.569,-8.265],[-37.571,-8.264],[-37.574,-8.269],[-37.567,-8.276],[-37.576,-8.284],[-37.583,-8.301],[-37.599,-8.318],[-37.693,-8.395],[-37.693,-8.396],[-37.787,-8.413],[-37.798,-8.421],[-37.792,-8.397],[-37.785,-8.383],[-37.801,-8.372],[-37.812,-8.383],[-37.834,-8.388],[-37.843,-8.398],[-37.863,-8.406],[-37.88,-8.404],[-37.894,-8.392],[-37.868,-8.358],[-37.858,-8.345],[-37.859,-8.329],[-37.852,-8.324],[-37.851,-8.317],[-37.855,-8.314],[-37.853,-8.309],[-37.859,-8.297],[-37.847,-8.277],[-37.852,-8.265],[-37.843,-8.252],[-37.843,-8.245],[-37.812,-8.224],[-37.812,-8.22],[-37.801,-8.21],[-37.799,-8.196],[-37.802,-8.168],[-37.811,-8.081],[-37.803,-8.082],[-37.798,-8.071],[-37.796,-8.068],[-37.796,-8.061],[-37.791,-8.056],[-37.794,-8.047],[-37.79,-8.041],[-37.783,-8.04],[-37.784,-8.031],[-37.767,-8.017],[-37.749,-8.023],[-37.725,-8.015],[-37.707,-8.005],[-37.702,-7.997],[-37.698,-7.987],[-37.691,-7.983],[-37.681,-7.979],[-37.682,-7.971],[-37.67,-7.968],[-37.673,-7.955],[-37.663,-7.953],[-37.659,-7.94],[-37.652,-7.941],[-37.651,-7.936],[-37.652,-7.93],[-37.641,-7.924],[-37.63,-7.9],[-37.616,-7.895],[-37.612,-7.893],[-37.605,-7.884],[-37.589,-7.874],[-37.583,-7.875],[-37.585,-7.89],[-37.579,-7.89],[-37.576,-7.896],[-37.569,-7.901],[-37.567,-7.913],[-37.567,-7.916],[-37.552,-7.921]]]}},{"type":"Feature","properties":{"id":"2605152","name":"Dormentes"},"geometry":{"type":"Polygon","coordinates":[[[-40.755,-8.342],[-40.749,-8.342],[-40.742,-8.337],[-40.728,-8.347],[-40.713,-8.35],[-40.703,-8.347],[-40.686,-8.358],[-40.686,-8.363],[-40.681,-8.365],[-40.682,-8.369],[-40.679,-8.373],[-40.664,-8.369],[-40.658,-8.372],[-40.659,-8.379],[-40.649,-8.38],[-40.645,-8.381],[-40.64,-8.375],[-40.631,-8.375],[-40.63,-8.371],[-40.626,-8.372],[-40.621,-8.368],[-40.61,-8.372],[-40.607,-8.367],[-40.6,-8.368],[-40.597,-8.364],[-40.591,-8.368],[-40.586,-8.363],[-40.573,-8.363],[-40.565,-8.366],[-40.563,-8.372],[-40.543,-8.376],[-40.54,-8.384],[-40.532,-8.38],[-40.534,-8.376],[-40.529,-8.366],[-40.513,-8.371],[-40.502,-8.365],[-40.495,-8.37],[-40.49,-8.364],[-40.484,-8.366],[-40.477,-8.361],[-40.468,-8.366],[-40.462,-8.361],[-40.452,-8.364],[-40.439,-8.378],[-40.435,-8.39],[-40.422,-8.404],[-40.409,-8.402],[-40.405,-8.409],[-40.397,-8.407],[-40.395,-8.416],[-40.386,-8.411],[-40.381,-8.415],[-40.381,-8.422],[-40.375,-8.429],[-40.365,-8.432],[-40.367,-8.437],[-40.359,-8.448],[-40.36,-8.463],[-40.353,-8.467],[-40.357,-8.482],[-40.354,-8.49],[-40.358,-8.495],[-40.351,-8.509],[-40.375,-8.502],[-40.379,-8.528],[-40.383,-8.536],[-40.394,-8.546],[-40.411,-8.555],[-40.418,-8.561],[-40.42,-8.574],[-40.433,-8.603],[-40.446,-8.619],[-40.443,-8.63],[-40.429,-8.644],[-40.534,-8.66],[-40.579,-8.667],[-40.587,-8.665],[-40.694,-8.639],[-40.758,-8.623],[-40.76,-8.623],[-40.771,-8.618],[-40.778,-8.61],[-40.784,-8.613],[-40.785,-8.605],[-40.783,-8.6],[-40.792,-8.595],[-40.798,-8.599],[-40.802,-8.594],[-40.808,-8.596],[-40.81,-8.583],[-40.822,-8.576],[-40.837,-8.568],[-40.842,-8.555],[-40.848,-8.554],[-40.849,-8.525],[-40.851,-8.462],[-40.852,-8.458],[-40.861,-8.37],[-40.857,-8.375],[-40.858,-8.379],[-40.836,-8.38],[-40.825,-8.368],[-40.819,-8.362],[-40.822,-8.337],[-40.818,-8.33],[-40.819,-8.321],[-40.792,-8.32],[-40.786,-8.306],[-40.78,-8.302],[-40.78,-8.296],[-40.766,-8.299],[-40.763,-8.308],[-40.762,-8.318],[-40.756,-8.326],[-40.758,-8.337],[-40.755,-8.342]]]}},{"type":"Feature","properties":{"id":"2605202","name":"Escada"},"geometry":{"type":"Polygon","coordinates":[[[-35.265,-8.255],[-35.259,-8.264],[-35.252,-8.264],[-35.25,-8.278],[-35.238,-8.272],[-35.237,-8.281],[-35.238,-8.292],[-35.233,-8.292],[-35.229,-8.294],[-35.218,-8.291],[-35.21,-8.287],[-35.205,-8.29],[-35.204,-8.296],[-35.201,-8.294],[-35.195,-8.297],[-35.151,-8.279],[-35.146,-8.289],[-35.147,-8.293],[-35.149,-8.299],[-35.14,-8.31],[-35.154,-8.32],[-35.169,-8.353],[-35.182,-8.353],[-35.19,-8.354],[-35.193,-8.359],[-35.193,-8.376],[-35.197,-8.38],[-35.225,-8.405],[-35.238,-8.417],[-35.236,-8.422],[-35.23,-8.435],[-35.229,-8.436],[-35.203,-8.479],[-35.24,-8.475],[-35.262,-8.477],[-35.272,-8.478],[-35.272,-8.487],[-35.274,-8.486],[-35.286,-8.469],[-35.29,-8.464],[-35.302,-8.489],[-35.314,-8.481],[-35.327,-8.451],[-35.315,-8.425],[-35.313,-8.419],[-35.318,-8.419],[-35.321,-8.426],[-35.339,-8.443],[-35.343,-8.445],[-35.346,-8.442],[-35.348,-8.437],[-35.346,-8.427],[-35.343,-8.41],[-35.348,-8.409],[-35.364,-8.395],[-35.362,-8.373],[-35.36,-8.368],[-35.353,-8.364],[-35.342,-8.364],[-35.348,-8.351],[-35.359,-8.347],[-35.354,-8.321],[-35.354,-8.318],[-35.354,-8.304],[-35.359,-8.3],[-35.339,-8.294],[-35.303,-8.307],[-35.3,-8.308],[-35.291,-8.304],[-35.269,-8.296],[-35.276,-8.285],[-35.265,-8.243],[-35.265,-8.242],[-35.265,-8.255]]]}},{"type":"Feature","properties":{"id":"2605301","name":"Exu"},"geometry":{"type":"Polygon","coordinates":[[[-39.851,-7.325],[-39.828,-7.332],[-39.815,-7.328],[-39.806,-7.33],[-39.789,-7.332],[-39.771,-7.327],[-39.741,-7.326],[-39.715,-7.335],[-39.697,-7.342],[-39.653,-7.372],[-39.644,-7.385],[-39.639,-7.395],[-39.629,-7.425],[-39.608,-7.423],[-39.599,-7.428],[-39.593,-7.432],[-39.576,-7.427],[-39.571,-7.43],[-39.566,-7.449],[-39.557,-7.472],[-39.552,-7.48],[-39.545,-7.484],[-39.546,-7.509],[-39.55,-7.52],[-39.558,-7.53],[-39.56,-7.546],[-39.556,-7.549],[-39.555,-7.559],[-39.553,-7.568],[-39.561,-7.576],[-39.566,-7.577],[-39.577,-7.597],[-39.584,-7.596],[-39.601,-7.61],[-39.605,-7.621],[-39.601,-7.628],[-39.609,-7.637],[-39.616,-7.64],[-39.616,-7.641],[-39.614,-7.651],[-39.608,-7.656],[-39.612,-7.664],[-39.604,-7.677],[-39.608,-7.68],[-39.606,-7.686],[-39.611,-7.691],[-39.609,-7.696],[-39.615,-7.704],[-39.631,-7.703],[-39.637,-7.698],[-39.643,-7.701],[-39.646,-7.697],[-39.651,-7.7],[-39.655,-7.69],[-39.662,-7.685],[-39.668,-7.689],[-39.669,-7.682],[-39.677,-7.675],[-39.686,-7.678],[-39.7,-7.685],[-39.705,-7.682],[-39.711,-7.684],[-39.727,-7.671],[-39.739,-7.67],[-39.754,-7.672],[-39.765,-7.666],[-39.775,-7.674],[-39.789,-7.675],[-39.796,-7.679],[-39.81,-7.687],[-39.814,-7.69],[-39.9,-7.706],[-39.904,-7.706],[-39.904,-7.654],[-39.904,-7.6],[-39.904,-7.517],[-39.904,-7.49],[-39.904,-7.478],[-39.904,-7.452],[-39.904,-7.421],[-39.904,-7.367],[-39.904,-7.338],[-39.89,-7.339],[-39.864,-7.327],[-39.851,-7.325]]]}},{"type":"Feature","properties":{"id":"2605400","name":"Feira Nova"},"geometry":{"type":"Polygon","coordinates":[[[-35.355,-7.89],[-35.335,-7.916],[-35.332,-7.92],[-35.329,-7.925],[-35.326,-7.928],[-35.321,-7.932],[-35.304,-7.941],[-35.319,-7.953],[-35.334,-7.963],[-35.348,-7.974],[-35.387,-8.003],[-35.415,-7.997],[-35.424,-7.995],[-35.436,-7.993],[-35.457,-7.989],[-35.457,-7.988],[-35.456,-7.986],[-35.456,-7.985],[-35.456,-7.984],[-35.456,-7.983],[-35.455,-7.982],[-35.454,-7.982],[-35.453,-7.978],[-35.453,-7.977],[-35.453,-7.976],[-35.452,-7.976],[-35.452,-7.975],[-35.451,-7.975],[-35.449,-7.973],[-35.449,-7.972],[-35.449,-7.971],[-35.448,-7.97],[-35.447,-7.969],[-35.446,-7.969],[-35.446,-7.968],[-35.445,-7.967],[-35.445,-7.966],[-35.444,-7.966],[-35.444,-7.965],[-35.444,-7.963],[-35.443,-7.962],[-35.442,-7.962],[-35.442,-7.961],[-35.441,-7.96],[-35.438,-7.953],[-35.437,-7.953],[-35.436,-7.951],[-35.436,-7.95],[-35.435,-7.949],[-35.434,-7.948],[-35.434,-7.946],[-35.433,-7.945],[-35.432,-7.944],[-35.431,-7.943],[-35.43,-7.943],[-35.429,-7.942],[-35.428,-7.941],[-35.428,-7.94],[-35.427,-7.939],[-35.426,-7.938],[-35.426,-7.936],[-35.426,-7.935],[-35.423,-7.934],[-35.422,-7.933],[-35.421,-7.931],[-35.421,-7.93],[-35.42,-7.929],[-35.417,-7.927],[-35.416,-7.926],[-35.415,-7.924],[-35.415,-7.923],[-35.414,-7.923],[-35.404,-7.918],[-35.403,-7.917],[-35.401,-7.917],[-35.394,-7.913],[-35.393,-7.913],[-35.391,-7.911],[-35.391,-7.91],[-35.39,-7.909],[-35.389,-7.908],[-35.388,-7.907],[-35.387,-7.907],[-35.388,-7.908],[-35.387,-7.908],[-35.386,-7.906],[-35.385,-7.906],[-35.384,-7.904],[-35.384,-7.903],[-35.383,-7.903],[-35.382,-7.903],[-35.381,-7.903],[-35.38,-7.903],[-35.379,-7.903],[-35.378,-7.904],[-35.378,-7.905],[-35.377,-7.905],[-35.376,-7.905],[-35.375,-7.906],[-35.373,-7.906],[-35.373,-7.905],[-35.373,-7.904],[-35.372,-7.904],[-35.371,-7.904],[-35.37,-7.904],[-35.37,-7.903],[-35.369,-7.903],[-35.366,-7.902],[-35.365,-7.903],[-35.362,-7.905],[-35.361,-7.902],[-35.361,-7.901],[-35.36,-7.901],[-35.358,-7.902],[-35.358,-7.901],[-35.357,-7.9],[-35.356,-7.9],[-35.355,-7.9],[-35.354,-7.9],[-35.353,-7.9],[-35.355,-7.894],[-35.356,-7.893],[-35.355,-7.89]]]}},{"type":"Feature","properties":{"id":"2605459","name":"Fernando de Noronha"},"geometry":{"type":"Polygon","coordinates":[[[-32.397,-3.852],[-32.397,-3.856],[-32.409,-3.856],[-32.411,-3.864],[-32.417,-3.863],[-32.42,-3.869],[-32.426,-3.866],[-32.423,-3.873],[-32.425,-3.879],[-32.428,-3.871],[-32.435,-3.869],[-32.453,-3.875],[-32.457,-3.881],[-32.462,-3.877],[-32.464,-3.881],[-32.476,-3.875],[-32.467,-3.877],[-32.461,-3.873],[-32.456,-3.864],[-32.448,-3.862],[-32.449,-3.856],[-32.447,-3.853],[-32.444,-3.854],[-32.443,-3.851],[-32.41,-3.837],[-32.403,-3.836],[-32.399,-3.83],[-32.397,-3.833],[-32.4,-3.838],[-32.392,-3.851],[-32.397,-3.852]]]}},{"type":"Feature","properties":{"id":"2605509","name":"Ferreiros"},"geometry":{"type":"Polygon","coordinates":[[[-35.227,-7.452],[-35.215,-7.461],[-35.208,-7.46],[-35.207,-7.47],[-35.187,-7.476],[-35.182,-7.484],[-35.174,-7.484],[-35.174,-7.49],[-35.163,-7.492],[-35.164,-7.496],[-35.159,-7.497],[-35.158,-7.502],[-35.163,-7.503],[-35.172,-7.503],[-35.192,-7.511],[-35.192,-7.518],[-35.196,-7.517],[-35.203,-7.521],[-35.207,-7.518],[-35.208,-7.522],[-35.217,-7.523],[-35.23,-7.515],[-35.231,-7.518],[-35.235,-7.501],[-35.238,-7.5],[-35.261,-7.492],[-35.264,-7.494],[-35.272,-7.496],[-35.297,-7.495],[-35.315,-7.489],[-35.314,-7.476],[-35.314,-7.475],[-35.259,-7.421],[-35.241,-7.437],[-35.237,-7.44],[-35.227,-7.452]]]}},{"type":"Feature","properties":{"id":"2605608","name":"Flores"},"geometry":{"type":"Polygon","coordinates":[[[-37.908,-7.773],[-37.894,-7.781],[-37.882,-7.781],[-37.879,-7.781],[-37.874,-7.789],[-37.868,-7.787],[-37.864,-7.79],[-37.849,-7.8],[-37.847,-7.803],[-37.838,-7.811],[-37.838,-7.818],[-37.839,-7.822],[-37.831,-7.822],[-37.83,-7.822],[-37.745,-7.871],[-37.743,-7.877],[-37.73,-7.904],[-37.714,-7.936],[-37.691,-7.983],[-37.698,-7.987],[-37.702,-7.997],[-37.707,-8.005],[-37.725,-8.015],[-37.749,-8.023],[-37.767,-8.017],[-37.784,-8.031],[-37.783,-8.04],[-37.79,-8.041],[-37.794,-8.047],[-37.791,-8.056],[-37.796,-8.061],[-37.796,-8.068],[-37.798,-8.071],[-37.803,-8.082],[-37.811,-8.081],[-37.831,-8.075],[-37.834,-8.079],[-37.849,-8.083],[-37.871,-8.077],[-37.881,-8.074],[-37.893,-8.081],[-37.902,-8.074],[-37.91,-8.074],[-37.92,-8.075],[-37.936,-8.064],[-37.939,-8.068],[-37.97,-8.076],[-37.984,-8.06],[-38.005,-8.052],[-38.017,-8.029],[-38.047,-8.018],[-38.054,-8.004],[-38.06,-8.001],[-38.065,-8.0],[-38.064,-7.998],[-38.035,-7.963],[-38.048,-7.93],[-38.052,-7.921],[-38.046,-7.917],[-38.025,-7.906],[-38.028,-7.9],[-38.013,-7.892],[-38.013,-7.883],[-38.008,-7.879],[-38.001,-7.876],[-37.999,-7.869],[-38.004,-7.86],[-38.009,-7.851],[-38.009,-7.822],[-38.009,-7.817],[-38.013,-7.815],[-38.022,-7.799],[-38.02,-7.791],[-38.0,-7.779],[-37.99,-7.778],[-37.983,-7.772],[-37.971,-7.777],[-37.966,-7.774],[-37.964,-7.772],[-37.958,-7.766],[-37.951,-7.771],[-37.908,-7.773]]]}},{"type":"Feature","properties":{"id":"2605707","name":"Floresta"},"geometry":{"type":"Polygon","coordinates":[[[-38.597,-8.697],[-38.586,-8.699],[-38.574,-8.697],[-38.57,-8.7],[-38.565,-8.698],[-38.561,-8.706],[-38.55,-8.712],[-38.533,-8.797],[-38.533,-8.813],[-38.541,-8.823],[-38.555,-8.823],[-38.572,-8.832],[-38.603,-8.88],[-38.607,-8.893],[-38.609,-8.955],[-38.624,-8.98],[-38.63,-8.985],[-38.64,-8.987],[-38.665,-8.978],[-38.674,-8.971],[-38.69,-8.945],[-38.693,-8.931],[-38.693,-8.918],[-38.673,-8.91],[-38.659,-8.892],[-38.657,-8.829],[-38.663,-8.806],[-38.659,-8.795],[-38.662,-8.783],[-38.658,-8.759],[-38.652,-8.728],[-38.645,-8.715],[-38.631,-8.714],[-38.622,-8.707],[-38.614,-8.707],[-38.61,-8.698],[-38.597,-8.697]],[[-38.021,-8.644],[-38.003,-8.646],[-38.013,-8.647],[-38.024,-8.652],[-38.039,-8.658],[-38.04,-8.652],[-38.021,-8.644]],[[-37.853,-8.595],[-37.89,-8.605],[-37.899,-8.604],[-37.908,-8.611],[-37.932,-8.617],[-37.951,-8.634],[-37.948,-8.646],[-37.953,-8.652],[-37.954,-8.652],[-37.99,-8.616],[-37.937,-8.569],[-37.915,-8.554],[-37.889,-8.553],[-37.851,-8.59],[-37.853,-8.595]],[[-38.263,-8.253],[-38.25,-8.263],[-38.243,-8.261],[-38.232,-8.271],[-38.206,-8.285],[-38.198,-8.279],[-38.189,-8.279],[-38.178,-8.276],[-38.178,-8.279],[-38.182,-8.28],[-38.192,-8.289],[-38.19,-8.3],[-38.193,-8.305],[-38.194,-8.318],[-38.185,-8.347],[-38.182,-8.351],[-38.182,-8.356],[-38.177,-8.359],[-38.169,-8.374],[-38.166,-8.387],[-38.168,-8.396],[-38.152,-8.404],[-38.138,-8.408],[-38.122,-8.406],[-38.09,-8.415],[-38.088,-8.416],[-38.086,-8.42],[-38.081,-8.422],[-38.079,-8.433],[-38.069,-8.439],[-38.072,-8.445],[-38.074,-8.45],[-38.081,-8.454],[-38.082,-8.46],[-38.1,-8.477],[-38.102,-8.483],[-38.115,-8.494],[-38.138,-8.506],[-38.142,-8.513],[-38.15,-8.513],[-38.16,-8.518],[-38.167,-8.526],[-38.173,-8.526],[-38.186,-8.537],[-38.185,-8.54],[-38.193,-8.543],[-38.186,-8.547],[-38.182,-8.552],[-38.186,-8.574],[-38.173,-8.604],[-38.153,-8.604],[-38.137,-8.62],[-38.136,-8.629],[-38.13,-8.636],[-38.121,-8.641],[-38.116,-8.655],[-38.094,-8.664],[-38.092,-8.668],[-38.053,-8.674],[-38.046,-8.661],[-38.039,-8.658],[-38.04,-8.663],[-38.04,-8.674],[-38.049,-8.686],[-38.062,-8.691],[-38.065,-8.684],[-38.073,-8.68],[-38.082,-8.681],[-38.084,-8.686],[-38.094,-8.689],[-38.1,-8.696],[-38.131,-8.691],[-38.137,-8.692],[-38.141,-8.697],[-38.155,-8.695],[-38.158,-8.69],[-38.173,-8.686],[-38.19,-8.677],[-38.209,-8.687],[-38.232,-8.688],[-38.248,-8.697],[-38.253,-8.705],[-38.26,-8.707],[-38.263,-8.72],[-38.265,-8.723],[-38.261,-8.732],[-38.267,-8.736],[-38.265,-8.752],[-38.274,-8.755],[-38.283,-8.753],[-38.289,-8.76],[-38.295,-8.76],[-38.305,-8.754],[-38.307,-8.761],[-38.325,-8.772],[-38.324,-8.778],[-38.328,-8.781],[-38.339,-8.778],[-38.348,-8.784],[-38.358,-8.779],[-38.507,-8.699],[-38.535,-8.675],[-38.554,-8.633],[-38.547,-8.626],[-38.532,-8.623],[-38.526,-8.618],[-38.514,-8.624],[-38.507,-8.623],[-38.505,-8.602],[-38.564,-8.608],[-38.565,-8.614],[-38.587,-8.607],[-38.629,-8.621],[-38.615,-8.564],[-38.612,-8.55],[-38.593,-8.473],[-38.569,-8.369],[-38.549,-8.288],[-38.536,-8.288],[-38.516,-8.303],[-38.506,-8.306],[-38.504,-8.318],[-38.499,-8.32],[-38.486,-8.314],[-38.485,-8.325],[-38.491,-8.337],[-38.5,-8.336],[-38.509,-8.349],[-38.504,-8.361],[-38.517,-8.398],[-38.513,-8.404],[-38.514,-8.429],[-38.518,-8.441],[-38.507,-8.438],[-38.497,-8.432],[-38.494,-8.421],[-38.489,-8.421],[-38.487,-8.417],[-38.48,-8.414],[-38.471,-8.406],[-38.468,-8.394],[-38.462,-8.39],[-38.453,-8.369],[-38.45,-8.367],[-38.442,-8.37],[-38.436,-8.356],[-38.427,-8.354],[-38.431,-8.348],[-38.416,-8.34],[-38.418,-8.324],[-38.413,-8.316],[-38.412,-8.315],[-38.406,-8.305],[-38.379,-8.29],[-38.363,-8.279],[-38.359,-8.284],[-38.347,-8.287],[-38.337,-8.283],[-38.333,-8.29],[-38.314,-8.291],[-38.304,-8.286],[-38.301,-8.288],[-38.292,-8.286],[-38.281,-8.273],[-38.263,-8.253]]]}},{"type":"Feature","properties":{"id":"2605806","name":"Frei Miguelinho"},"geometry":{"type":"Polygon","coordinates":[[[-35.822,-7.859],[-35.823,-7.864],[-35.819,-7.875],[-35.815,-7.89],[-35.817,-7.896],[-35.811,-7.902],[-35.813,-7.913],[-35.808,-7.917],[-35.811,-7.929],[-35.818,-7.931],[-35.819,-7.936],[-35.814,-7.943],[-35.817,-7.956],[-35.809,-7.961],[-35.809,-7.97],[-35.805,-7.973],[-35.808,-7.98],[-35.836,-7.982],[-35.839,-7.983],[-35.845,-7.986],[-35.849,-7.994],[-35.856,-7.995],[-35.871,-7.99],[-35.881,-7.991],[-35.885,-7.996],[-35.884,-8.003],[-35.888,-8.004],[-35.895,-8.001],[-35.9,-8.004],[-35.907,-8.005],[-35.914,-8.002],[-35.915,-8.004],[-35.925,-7.999],[-35.93,-7.993],[-35.931,-7.993],[-35.934,-7.994],[-35.941,-7.996],[-35.955,-7.99],[-35.958,-7.99],[-35.958,-7.977],[-35.968,-7.973],[-35.962,-7.966],[-35.966,-7.964],[-35.965,-7.955],[-35.961,-7.952],[-35.962,-7.946],[-35.956,-7.944],[-35.958,-7.938],[-35.963,-7.939],[-35.971,-7.934],[-35.965,-7.927],[-35.966,-7.911],[-35.958,-7.899],[-35.911,-7.895],[-35.911,-7.879],[-35.898,-7.873],[-35.896,-7.872],[-35.869,-7.863],[-35.863,-7.862],[-35.842,-7.863],[-35.835,-7.861],[-35.831,-7.861],[-35.828,-7.86],[-35.822,-7.859]]]}},{"type":"Feature","properties":{"id":"2605905","name":"Gameleira"},"geometry":{"type":"Polygon","coordinates":[[[-35.431,-8.536],[-35.413,-8.548],[-35.399,-8.552],[-35.393,-8.558],[-35.383,-8.541],[-35.375,-8.55],[-35.357,-8.541],[-35.338,-8.565],[-35.333,-8.576],[-35.303,-8.596],[-35.286,-8.616],[-35.264,-8.63],[-35.302,-8.628],[-35.304,-8.628],[-35.307,-8.628],[-35.323,-8.634],[-35.331,-8.646],[-35.343,-8.652],[-35.348,-8.661],[-35.352,-8.672],[-35.357,-8.692],[-35.341,-8.71],[-35.34,-8.72],[-35.337,-8.722],[-35.341,-8.725],[-35.362,-8.721],[-35.37,-8.719],[-35.381,-8.717],[-35.403,-8.713],[-35.394,-8.683],[-35.403,-8.676],[-35.444,-8.648],[-35.454,-8.641],[-35.472,-8.629],[-35.487,-8.584],[-35.444,-8.556],[-35.446,-8.55],[-35.445,-8.55],[-35.446,-8.547],[-35.458,-8.545],[-35.462,-8.541],[-35.464,-8.549],[-35.471,-8.546],[-35.466,-8.541],[-35.467,-8.529],[-35.463,-8.513],[-35.46,-8.512],[-35.429,-8.508],[-35.432,-8.519],[-35.429,-8.53],[-35.431,-8.536]]]}},{"type":"Feature","properties":{"id":"2606002","name":"Garanhuns"},"geometry":{"type":"Polygon","coordinates":[[[-36.54,-8.783],[-36.531,-8.788],[-36.528,-8.783],[-36.518,-8.785],[-36.506,-8.791],[-36.502,-8.789],[-36.499,-8.795],[-36.487,-8.795],[-36.485,-8.796],[-36.482,-8.797],[-36.472,-8.802],[-36.456,-8.799],[-36.453,-8.802],[-36.444,-8.8],[-36.448,-8.814],[-36.459,-8.831],[-36.462,-8.845],[-36.46,-8.851],[-36.458,-8.855],[-36.457,-8.859],[-36.454,-8.866],[-36.45,-8.877],[-36.441,-8.89],[-36.437,-8.895],[-36.43,-8.902],[-36.417,-8.906],[-36.411,-8.912],[-36.411,-8.924],[-36.398,-8.939],[-36.4,-8.956],[-36.389,-8.976],[-36.384,-8.979],[-36.377,-8.989],[-36.366,-9.018],[-36.406,-9.037],[-36.418,-9.044],[-36.44,-9.06],[-36.465,-9.078],[-36.478,-9.089],[-36.478,-9.086],[-36.478,-9.083],[-36.479,-9.01],[-36.48,-8.988],[-36.48,-8.973],[-36.48,-8.97],[-36.498,-8.958],[-36.51,-8.954],[-36.531,-8.966],[-36.539,-8.96],[-36.54,-8.959],[-36.549,-8.953],[-36.555,-8.965],[-36.57,-8.977],[-36.561,-8.989],[-36.584,-8.987],[-36.585,-8.991],[-36.58,-8.994],[-36.586,-8.997],[-36.59,-8.995],[-36.595,-8.999],[-36.594,-9.001],[-36.59,-9.005],[-36.592,-9.009],[-36.59,-9.016],[-36.594,-9.02],[-36.59,-9.024],[-36.6,-9.033],[-36.637,-9.02],[-36.635,-9.015],[-36.631,-9.004],[-36.625,-9.002],[-36.636,-8.986],[-36.63,-8.976],[-36.631,-8.956],[-36.629,-8.951],[-36.623,-8.945],[-36.607,-8.941],[-36.605,-8.934],[-36.609,-8.926],[-36.612,-8.928],[-36.614,-8.925],[-36.613,-8.922],[-36.606,-8.921],[-36.605,-8.911],[-36.61,-8.908],[-36.612,-8.906],[-36.613,-8.895],[-36.609,-8.896],[-36.607,-8.892],[-36.574,-8.888],[-36.565,-8.89],[-36.551,-8.887],[-36.544,-8.881],[-36.567,-8.845],[-36.584,-8.828],[-36.574,-8.822],[-36.57,-8.814],[-36.563,-8.806],[-36.542,-8.784],[-36.54,-8.783]]]}},{"type":"Feature","properties":{"id":"2606101","name":"Glória do Goitá"},"geometry":{"type":"Polygon","coordinates":[[[-35.3,-7.937],[-35.297,-7.938],[-35.291,-7.938],[-35.254,-7.946],[-35.23,-7.956],[-35.238,-7.976],[-35.247,-7.988],[-35.255,-7.998],[-35.245,-8.012],[-35.253,-8.016],[-35.254,-8.021],[-35.259,-8.027],[-35.26,-8.057],[-35.261,-8.058],[-35.263,-8.06],[-35.272,-8.054],[-35.297,-8.07],[-35.302,-8.067],[-35.308,-8.063],[-35.314,-8.061],[-35.322,-8.063],[-35.345,-8.051],[-35.35,-8.061],[-35.364,-8.062],[-35.368,-8.064],[-35.391,-8.074],[-35.415,-8.074],[-35.429,-8.081],[-35.44,-8.039],[-35.465,-8.031],[-35.465,-8.022],[-35.46,-8.013],[-35.461,-8.0],[-35.455,-7.994],[-35.457,-7.989],[-35.436,-7.993],[-35.424,-7.995],[-35.415,-7.997],[-35.387,-8.003],[-35.348,-7.974],[-35.334,-7.963],[-35.319,-7.953],[-35.304,-7.941],[-35.3,-7.937]]]}},{"type":"Feature","properties":{"id":"2606200","name":"Goiana"},"geometry":{"type":"Polygon","coordinates":[[[-34.969,-7.521],[-34.96,-7.538],[-34.95,-7.537],[-34.932,-7.528],[-34.924,-7.532],[-34.917,-7.541],[-34.911,-7.543],[-34.91,-7.538],[-34.9,-7.537],[-34.902,-7.543],[-34.895,-7.545],[-34.888,-7.535],[-34.873,-7.543],[-34.87,-7.549],[-34.858,-7.538],[-34.854,-7.539],[-34.84,-7.543],[-34.838,-7.544],[-34.831,-7.552],[-34.837,-7.553],[-34.84,-7.553],[-34.837,-7.565],[-34.834,-7.563],[-34.829,-7.581],[-34.824,-7.586],[-34.824,-7.597],[-34.811,-7.615],[-34.807,-7.625],[-34.82,-7.645],[-34.822,-7.648],[-34.83,-7.672],[-34.834,-7.683],[-34.839,-7.683],[-34.841,-7.682],[-34.846,-7.688],[-34.847,-7.688],[-34.852,-7.69],[-34.853,-7.692],[-34.864,-7.713],[-34.878,-7.71],[-34.886,-7.713],[-34.896,-7.703],[-34.897,-7.699],[-34.89,-7.694],[-34.896,-7.691],[-34.895,-7.687],[-34.898,-7.687],[-34.898,-7.683],[-34.922,-7.691],[-34.928,-7.699],[-34.938,-7.705],[-34.962,-7.708],[-34.98,-7.701],[-34.987,-7.704],[-35.014,-7.699],[-35.03,-7.677],[-35.05,-7.649],[-35.072,-7.618],[-35.067,-7.619],[-35.067,-7.615],[-35.06,-7.61],[-35.063,-7.606],[-35.061,-7.6],[-35.063,-7.594],[-35.072,-7.59],[-35.076,-7.589],[-35.069,-7.581],[-35.057,-7.577],[-35.047,-7.564],[-35.047,-7.55],[-35.036,-7.543],[-35.039,-7.537],[-35.044,-7.536],[-35.061,-7.541],[-35.077,-7.513],[-35.052,-7.499],[-35.05,-7.498],[-34.985,-7.462],[-34.984,-7.469],[-34.99,-7.488],[-34.985,-7.5],[-34.984,-7.507],[-34.979,-7.509],[-34.969,-7.521]]]}},{"type":"Feature","properties":{"id":"2606309","name":"Granito"},"geometry":{"type":"Polygon","coordinates":[[[-39.765,-7.666],[-39.754,-7.672],[-39.739,-7.67],[-39.727,-7.671],[-39.711,-7.684],[-39.705,-7.682],[-39.7,-7.685],[-39.686,-7.678],[-39.677,-7.675],[-39.669,-7.682],[-39.668,-7.689],[-39.662,-7.685],[-39.655,-7.69],[-39.651,-7.7],[-39.646,-7.697],[-39.643,-7.701],[-39.637,-7.698],[-39.631,-7.703],[-39.615,-7.704],[-39.609,-7.696],[-39.612,-7.708],[-39.611,-7.714],[-39.617,-7.722],[-39.61,-7.731],[-39.607,-7.753],[-39.598,-7.757],[-39.59,-7.765],[-39.588,-7.77],[-39.591,-7.775],[-39.576,-7.783],[-39.569,-7.791],[-39.572,-7.805],[-39.562,-7.816],[-39.573,-7.822],[-39.574,-7.832],[-39.56,-7.851],[-39.56,-7.853],[-39.565,-7.854],[-39.563,-7.856],[-39.566,-7.856],[-39.573,-7.87],[-39.626,-7.882],[-39.695,-7.897],[-39.762,-7.912],[-39.78,-7.835],[-39.782,-7.828],[-39.788,-7.803],[-39.812,-7.702],[-39.812,-7.698],[-39.814,-7.69],[-39.81,-7.687],[-39.796,-7.679],[-39.789,-7.675],[-39.775,-7.674],[-39.765,-7.666]]]}},{"type":"Feature","properties":{"id":"2606408","name":"Gravatá"},"geometry":{"type":"Polygon","coordinates":[[[-35.483,-8.202],[-35.491,-8.206],[-35.498,-8.205],[-35.51,-8.221],[-35.508,-8.232],[-35.501,-8.263],[-35.499,-8.269],[-35.499,-8.272],[-35.497,-8.281],[-35.492,-8.301],[-35.504,-8.313],[-35.508,-8.31],[-35.506,-8.299],[-35.522,-8.3],[-35.525,-8.297],[-35.529,-8.301],[-35.528,-8.315],[-35.55,-8.326],[-35.558,-8.329],[-35.563,-8.342],[-35.548,-8.339],[-35.549,-8.351],[-35.558,-8.354],[-35.584,-8.361],[-35.628,-8.374],[-35.614,-8.346],[-35.613,-8.345],[-35.611,-8.341],[-35.613,-8.337],[-35.621,-8.324],[-35.625,-8.317],[-35.649,-8.278],[-35.65,-8.265],[-35.651,-8.252],[-35.653,-8.23],[-35.655,-8.203],[-35.656,-8.181],[-35.657,-8.174],[-35.63,-8.104],[-35.624,-8.101],[-35.584,-8.078],[-35.583,-8.078],[-35.557,-8.072],[-35.552,-8.071],[-35.508,-8.059],[-35.462,-8.093],[-35.479,-8.104],[-35.447,-8.122],[-35.446,-8.123],[-35.439,-8.127],[-35.444,-8.152],[-35.447,-8.165],[-35.449,-8.169],[-35.456,-8.173],[-35.468,-8.174],[-35.49,-8.182],[-35.492,-8.188],[-35.483,-8.197],[-35.483,-8.202]]]}},{"type":"Feature","properties":{"id":"2606507","name":"Iati"},"geometry":{"type":"Polygon","coordinates":[[[-36.872,-9.168],[-36.877,-9.207],[-36.883,-9.264],[-36.881,-9.275],[-36.879,-9.276],[-36.874,-9.277],[-36.884,-9.28],[-36.889,-9.283],[-36.9,-9.282],[-36.915,-9.299],[-36.921,-9.313],[-36.927,-9.325],[-36.921,-9.332],[-36.922,-9.339],[-36.938,-9.352],[-36.936,-9.361],[-36.93,-9.37],[-36.937,-9.377],[-36.944,-9.382],[-36.952,-9.382],[-36.976,-9.362],[-36.977,-9.361],[-37.003,-9.352],[-37.024,-9.315],[-37.045,-9.315],[-37.055,-9.307],[-37.047,-9.291],[-37.037,-9.287],[-37.037,-9.277],[-37.024,-9.262],[-37.014,-9.268],[-37.011,-9.264],[-37.002,-9.262],[-36.996,-9.251],[-36.986,-9.249],[-36.975,-9.245],[-36.966,-9.236],[-36.966,-9.224],[-36.952,-9.212],[-36.95,-9.19],[-36.945,-9.182],[-36.945,-9.178],[-36.957,-9.178],[-36.969,-9.163],[-36.976,-9.158],[-36.984,-9.136],[-36.985,-9.129],[-36.974,-9.124],[-36.973,-9.114],[-36.962,-9.101],[-36.951,-9.079],[-36.94,-9.067],[-36.939,-9.058],[-36.939,-9.052],[-36.931,-9.049],[-36.927,-9.033],[-36.93,-9.031],[-36.919,-9.023],[-36.909,-9.007],[-36.901,-8.997],[-36.894,-8.975],[-36.888,-8.969],[-36.886,-8.947],[-36.888,-8.932],[-36.883,-8.922],[-36.88,-8.913],[-36.873,-8.907],[-36.871,-8.895],[-36.865,-8.888],[-36.813,-8.969],[-36.794,-8.997],[-36.79,-9.003],[-36.786,-9.008],[-36.794,-9.044],[-36.802,-9.086],[-36.785,-9.112],[-36.784,-9.113],[-36.781,-9.118],[-36.769,-9.137],[-36.809,-9.149],[-36.835,-9.157],[-36.872,-9.168]]]}},{"type":"Feature","properties":{"id":"2606606","name":"Ibimirim"},"geometry":{"type":"Polygon","coordinates":[[[-37.619,-8.413],[-37.612,-8.415],[-37.6,-8.408],[-37.578,-8.404],[-37.572,-8.411],[-37.557,-8.412],[-37.554,-8.418],[-37.539,-8.431],[-37.528,-8.433],[-37.526,-8.44],[-37.519,-8.438],[-37.51,-8.44],[-37.507,-8.436],[-37.5,-8.441],[-37.494,-8.437],[-37.489,-8.441],[-37.48,-8.44],[-37.468,-8.45],[-37.475,-8.457],[-37.524,-8.479],[-37.542,-8.486],[-37.56,-8.499],[-37.554,-8.506],[-37.54,-8.51],[-37.538,-8.521],[-37.523,-8.556],[-37.49,-8.558],[-37.476,-8.569],[-37.472,-8.586],[-37.368,-8.515],[-37.368,-8.573],[-37.367,-8.636],[-37.367,-8.639],[-37.367,-8.66],[-37.367,-8.705],[-37.367,-8.738],[-37.366,-8.797],[-37.448,-8.794],[-37.497,-8.79],[-37.508,-8.803],[-37.518,-8.802],[-37.536,-8.814],[-37.542,-8.811],[-37.556,-8.819],[-37.57,-8.825],[-37.581,-8.821],[-37.592,-8.832],[-37.652,-8.788],[-37.665,-8.782],[-37.676,-8.783],[-37.68,-8.791],[-37.679,-8.771],[-37.658,-8.76],[-37.66,-8.738],[-37.658,-8.73],[-37.665,-8.723],[-37.667,-8.72],[-37.671,-8.714],[-37.677,-8.714],[-37.683,-8.71],[-37.726,-8.712],[-37.731,-8.709],[-37.76,-8.707],[-37.795,-8.693],[-37.804,-8.693],[-37.822,-8.702],[-37.842,-8.702],[-37.853,-8.695],[-37.861,-8.679],[-37.877,-8.676],[-37.882,-8.669],[-37.853,-8.595],[-37.851,-8.59],[-37.889,-8.553],[-37.915,-8.554],[-37.937,-8.569],[-37.99,-8.616],[-37.954,-8.652],[-37.975,-8.657],[-37.993,-8.647],[-38.003,-8.646],[-38.021,-8.644],[-38.04,-8.652],[-38.039,-8.658],[-38.046,-8.661],[-38.053,-8.674],[-38.092,-8.668],[-38.094,-8.664],[-38.116,-8.655],[-38.121,-8.641],[-38.13,-8.636],[-38.136,-8.629],[-38.137,-8.62],[-38.153,-8.604],[-38.173,-8.604],[-38.186,-8.574],[-38.182,-8.552],[-38.186,-8.547],[-38.193,-8.543],[-38.185,-8.54],[-38.186,-8.537],[-38.173,-8.526],[-38.167,-8.526],[-38.16,-8.518],[-38.15,-8.513],[-38.142,-8.513],[-38.138,-8.506],[-38.115,-8.494],[-38.102,-8.483],[-38.1,-8.477],[-38.082,-8.46],[-38.081,-8.454],[-38.074,-8.45],[-38.072,-8.445],[-38.065,-8.443],[-38.062,-8.449],[-38.05,-8.45],[-38.046,-8.456],[-38.036,-8.46],[-38.027,-8.459],[-38.022,-8.45],[-38.007,-8.457],[-38.001,-8.452],[-37.998,-8.456],[-37.966,-8.458],[-37.96,-8.452],[-37.954,-8.452],[-37.93,-8.438],[-37.93,-8.429],[-37.909,-8.403],[-37.894,-8.392],[-37.88,-8.404],[-37.863,-8.406],[-37.843,-8.398],[-37.834,-8.388],[-37.812,-8.383],[-37.801,-8.372],[-37.785,-8.383],[-37.792,-8.397],[-37.798,-8.421],[-37.787,-8.413],[-37.693,-8.396],[-37.693,-8.395],[-37.599,-8.318],[-37.603,-8.326],[-37.601,-8.334],[-37.606,-8.36],[-37.618,-8.368],[-37.616,-8.374],[-37.618,-8.377],[-37.619,-8.413]]]}},{"type":"Feature","properties":{"id":"2606705","name":"Ibirajuba"},"geometry":{"type":"Polygon","coordinates":[[[-36.137,-8.565],[-36.116,-8.578],[-36.096,-8.59],[-36.095,-8.591],[-36.101,-8.601],[-36.106,-8.603],[-36.108,-8.6],[-36.118,-8.607],[-36.125,-8.611],[-36.129,-8.609],[-36.137,-8.62],[-36.155,-8.631],[-36.163,-8.641],[-36.17,-8.65],[-36.181,-8.664],[-36.182,-8.669],[-36.184,-8.688],[-36.187,-8.712],[-36.194,-8.712],[-36.232,-8.672],[-36.242,-8.662],[-36.248,-8.655],[-36.251,-8.65],[-36.268,-8.624],[-36.292,-8.631],[-36.286,-8.607],[-36.273,-8.562],[-36.267,-8.562],[-36.244,-8.568],[-36.229,-8.573],[-36.211,-8.565],[-36.205,-8.562],[-36.192,-8.556],[-36.166,-8.547],[-36.137,-8.565]]]}},{"type":"Feature","properties":{"id":"2606804","name":"Igarassu"},"geometry":{"type":"Polygon","coordinates":[[[-34.942,-7.723],[-34.943,-7.739],[-34.936,-7.749],[-34.937,-7.758],[-34.927,-7.799],[-34.925,-7.806],[-34.908,-7.806],[-34.903,-7.805],[-34.889,-7.804],[-34.882,-7.809],[-34.867,-7.811],[-34.856,-7.814],[-34.847,-7.816],[-34.842,-7.827],[-34.844,-7.837],[-34.84,-7.844],[-34.841,-7.851],[-34.841,-7.863],[-34.855,-7.871],[-34.862,-7.889],[-34.866,-7.891],[-34.88,-7.892],[-34.884,-7.889],[-34.896,-7.886],[-34.9,-7.886],[-34.908,-7.887],[-34.922,-7.886],[-34.93,-7.891],[-34.938,-7.893],[-34.977,-7.9],[-35.023,-7.888],[-35.054,-7.88],[-35.037,-7.871],[-35.034,-7.826],[-35.021,-7.817],[-35.028,-7.8],[-35.036,-7.793],[-35.04,-7.794],[-35.038,-7.768],[-35.053,-7.75],[-35.091,-7.74],[-35.099,-7.722],[-35.098,-7.715],[-35.046,-7.743],[-35.041,-7.744],[-34.999,-7.731],[-34.983,-7.735],[-34.977,-7.733],[-34.971,-7.729],[-34.962,-7.708],[-34.938,-7.705],[-34.928,-7.699],[-34.922,-7.691],[-34.924,-7.702],[-34.942,-7.723]]]}},{"type":"Feature","properties":{"id":"2606903","name":"Iguaraci"},"geometry":{"type":"Polygon","coordinates":[[[-37.479,-7.773],[-37.474,-7.776],[-37.466,-7.775],[-37.464,-7.787],[-37.456,-7.795],[-37.443,-7.79],[-37.437,-7.792],[-37.417,-7.786],[-37.393,-7.773],[-37.358,-7.771],[-37.352,-7.764],[-37.338,-7.73],[-37.327,-7.728],[-37.328,-7.723],[-37.323,-7.72],[-37.312,-7.713],[-37.299,-7.714],[-37.297,-7.711],[-37.284,-7.705],[-37.277,-7.713],[-37.263,-7.712],[-37.252,-7.717],[-37.24,-7.735],[-37.241,-7.742],[-37.187,-7.745],[-37.181,-7.748],[-37.175,-7.756],[-37.175,-7.796],[-37.183,-7.79],[-37.191,-7.791],[-37.198,-7.799],[-37.217,-7.806],[-37.223,-7.804],[-37.23,-7.806],[-37.23,-7.813],[-37.243,-7.819],[-37.24,-7.823],[-37.228,-7.821],[-37.222,-7.842],[-37.247,-7.846],[-37.25,-7.853],[-37.245,-7.861],[-37.247,-7.868],[-37.244,-7.873],[-37.253,-7.88],[-37.287,-7.903],[-37.303,-7.904],[-37.307,-7.907],[-37.318,-7.909],[-37.322,-7.913],[-37.313,-7.911],[-37.308,-7.915],[-37.311,-7.921],[-37.308,-7.927],[-37.309,-7.934],[-37.314,-7.936],[-37.317,-7.942],[-37.334,-7.943],[-37.35,-7.948],[-37.354,-7.954],[-37.38,-7.958],[-37.403,-7.957],[-37.418,-7.946],[-37.425,-7.94],[-37.43,-7.94],[-37.436,-7.942],[-37.439,-7.948],[-37.455,-7.951],[-37.469,-7.942],[-37.471,-7.955],[-37.474,-7.965],[-37.481,-7.972],[-37.486,-7.973],[-37.494,-7.967],[-37.507,-7.967],[-37.532,-7.971],[-37.541,-7.978],[-37.549,-7.989],[-37.561,-7.991],[-37.575,-7.98],[-37.588,-7.981],[-37.585,-7.975],[-37.586,-7.971],[-37.577,-7.96],[-37.554,-7.944],[-37.563,-7.939],[-37.552,-7.921],[-37.567,-7.916],[-37.567,-7.913],[-37.569,-7.901],[-37.576,-7.896],[-37.579,-7.89],[-37.585,-7.89],[-37.583,-7.875],[-37.589,-7.874],[-37.605,-7.884],[-37.612,-7.893],[-37.616,-7.895],[-37.617,-7.894],[-37.62,-7.886],[-37.609,-7.875],[-37.604,-7.862],[-37.606,-7.857],[-37.612,-7.85],[-37.605,-7.851],[-37.597,-7.842],[-37.586,-7.832],[-37.576,-7.827],[-37.583,-7.819],[-37.578,-7.82],[-37.567,-7.814],[-37.564,-7.805],[-37.547,-7.79],[-37.546,-7.79],[-37.532,-7.778],[-37.524,-7.765],[-37.522,-7.753],[-37.537,-7.728],[-37.538,-7.718],[-37.532,-7.709],[-37.521,-7.709],[-37.522,-7.719],[-37.514,-7.728],[-37.503,-7.736],[-37.491,-7.735],[-37.488,-7.746],[-37.482,-7.746],[-37.483,-7.755],[-37.478,-7.763],[-37.479,-7.773]]]}},{"type":"Feature","properties":{"id":"2607000","name":"Inajá"},"geometry":{"type":"Polygon","coordinates":[[[-37.853,-8.595],[-37.882,-8.669],[-37.877,-8.676],[-37.861,-8.679],[-37.853,-8.695],[-37.842,-8.702],[-37.822,-8.702],[-37.804,-8.693],[-37.795,-8.693],[-37.76,-8.707],[-37.731,-8.709],[-37.726,-8.712],[-37.683,-8.71],[-37.677,-8.714],[-37.671,-8.714],[-37.667,-8.72],[-37.665,-8.723],[-37.658,-8.73],[-37.66,-8.738],[-37.658,-8.76],[-37.679,-8.771],[-37.68,-8.791],[-37.676,-8.783],[-37.665,-8.782],[-37.652,-8.788],[-37.592,-8.832],[-37.581,-8.821],[-37.57,-8.825],[-37.556,-8.819],[-37.574,-8.838],[-37.596,-8.86],[-37.635,-8.902],[-37.652,-8.911],[-37.677,-8.924],[-37.703,-8.938],[-37.708,-8.927],[-37.721,-8.915],[-37.726,-8.906],[-37.724,-8.904],[-37.734,-8.897],[-37.735,-8.887],[-37.741,-8.887],[-37.746,-8.883],[-37.748,-8.87],[-37.758,-8.856],[-37.769,-8.864],[-37.776,-8.862],[-37.782,-8.865],[-37.788,-8.873],[-37.793,-8.875],[-37.801,-8.884],[-37.811,-8.884],[-37.829,-8.893],[-37.829,-8.897],[-37.822,-8.9],[-37.821,-8.915],[-37.828,-8.921],[-37.833,-8.926],[-37.826,-8.932],[-37.848,-8.94],[-37.865,-8.959],[-37.882,-8.95],[-37.892,-8.963],[-37.933,-8.998],[-37.948,-8.998],[-37.961,-8.999],[-37.978,-9.019],[-37.988,-9.0],[-37.993,-8.996],[-38.005,-8.962],[-38.006,-8.814],[-38.006,-8.813],[-38.006,-8.68],[-38.01,-8.667],[-38.018,-8.659],[-38.021,-8.656],[-38.024,-8.652],[-38.013,-8.647],[-38.003,-8.646],[-37.993,-8.647],[-37.975,-8.657],[-37.954,-8.652],[-37.953,-8.652],[-37.948,-8.646],[-37.951,-8.634],[-37.932,-8.617],[-37.908,-8.611],[-37.899,-8.604],[-37.89,-8.605],[-37.853,-8.595]]]}},{"type":"Feature","properties":{"id":"2607109","name":"Ingazeira"},"geometry":{"type":"Polygon","coordinates":[[[-37.372,-7.626],[-37.347,-7.65],[-37.343,-7.662],[-37.349,-7.681],[-37.345,-7.688],[-37.341,-7.688],[-37.323,-7.72],[-37.328,-7.723],[-37.327,-7.728],[-37.338,-7.73],[-37.352,-7.764],[-37.358,-7.771],[-37.393,-7.773],[-37.417,-7.786],[-37.437,-7.792],[-37.443,-7.79],[-37.456,-7.795],[-37.464,-7.787],[-37.466,-7.775],[-37.474,-7.776],[-37.479,-7.773],[-37.478,-7.763],[-37.483,-7.755],[-37.482,-7.746],[-37.488,-7.746],[-37.491,-7.735],[-37.503,-7.736],[-37.514,-7.728],[-37.522,-7.719],[-37.521,-7.709],[-37.518,-7.703],[-37.5,-7.698],[-37.501,-7.693],[-37.495,-7.692],[-37.495,-7.68],[-37.475,-7.669],[-37.47,-7.673],[-37.461,-7.672],[-37.459,-7.668],[-37.442,-7.667],[-37.432,-7.663],[-37.418,-7.649],[-37.416,-7.642],[-37.411,-7.641],[-37.408,-7.635],[-37.399,-7.636],[-37.396,-7.632],[-37.384,-7.626],[-37.377,-7.626],[-37.372,-7.626]]]}},{"type":"Feature","properties":{"id":"2607208","name":"Ipojuca"},"geometry":{"type":"Polygon","coordinates":[[[-35.0,-8.45],[-35.007,-8.457],[-35.027,-8.455],[-35.026,-8.451],[-35.031,-8.44],[-35.012,-8.437],[-35.008,-8.444],[-35.0,-8.445],[-35.0,-8.45]],[[-35.117,-8.327],[-35.108,-8.334],[-35.107,-8.329],[-35.101,-8.326],[-35.094,-8.33],[-35.081,-8.332],[-35.07,-8.347],[-35.063,-8.35],[-35.051,-8.352],[-35.044,-8.349],[-35.028,-8.361],[-35.023,-8.363],[-35.016,-8.36],[-35.012,-8.357],[-34.992,-8.361],[-34.989,-8.356],[-34.986,-8.353],[-34.978,-8.354],[-34.975,-8.36],[-34.966,-8.361],[-34.961,-8.366],[-34.952,-8.375],[-34.967,-8.409],[-34.977,-8.406],[-34.985,-8.41],[-35.001,-8.411],[-35.006,-8.414],[-35.008,-8.412],[-35.015,-8.423],[-35.005,-8.427],[-35.006,-8.431],[-35.012,-8.433],[-35.019,-8.425],[-35.028,-8.427],[-35.03,-8.421],[-35.034,-8.428],[-35.057,-8.465],[-35.049,-8.47],[-35.028,-8.466],[-35.027,-8.473],[-35.033,-8.487],[-35.026,-8.507],[-35.022,-8.508],[-35.021,-8.505],[-35.019,-8.496],[-35.01,-8.496],[-34.998,-8.473],[-34.994,-8.463],[-34.995,-8.452],[-34.985,-8.46],[-35.0,-8.491],[-34.996,-8.508],[-35.002,-8.516],[-35.004,-8.526],[-34.999,-8.539],[-35.002,-8.547],[-35.006,-8.558],[-35.004,-8.566],[-35.009,-8.567],[-35.016,-8.563],[-35.023,-8.565],[-35.03,-8.573],[-35.037,-8.589],[-35.043,-8.595],[-35.043,-8.605],[-35.046,-8.606],[-35.047,-8.605],[-35.058,-8.602],[-35.065,-8.596],[-35.063,-8.593],[-35.069,-8.584],[-35.073,-8.582],[-35.072,-8.58],[-35.07,-8.567],[-35.074,-8.559],[-35.081,-8.556],[-35.083,-8.546],[-35.076,-8.536],[-35.076,-8.531],[-35.09,-8.525],[-35.118,-8.516],[-35.126,-8.514],[-35.129,-8.512],[-35.142,-8.5],[-35.144,-8.49],[-35.153,-8.487],[-35.163,-8.485],[-35.168,-8.478],[-35.192,-8.478],[-35.203,-8.479],[-35.229,-8.436],[-35.23,-8.435],[-35.236,-8.422],[-35.238,-8.417],[-35.225,-8.405],[-35.197,-8.38],[-35.193,-8.376],[-35.193,-8.359],[-35.19,-8.354],[-35.182,-8.353],[-35.169,-8.353],[-35.154,-8.32],[-35.14,-8.31],[-35.117,-8.327]]]}},{"type":"Feature","properties":{"id":"2607307","name":"Ipubi"},"geometry":{"type":"Polygon","coordinates":[[[-40.106,-7.671],[-40.104,-7.687],[-40.162,-7.702],[-40.176,-7.696],[-40.188,-7.689],[-40.201,-7.683],[-40.212,-7.677],[-40.262,-7.687],[-40.267,-7.675],[-40.285,-7.628],[-40.286,-7.627],[-40.327,-7.525],[-40.344,-7.481],[-40.37,-7.416],[-40.372,-7.389],[-40.373,-7.381],[-40.374,-7.363],[-40.361,-7.355],[-40.35,-7.334],[-40.338,-7.323],[-40.329,-7.318],[-40.318,-7.303],[-40.279,-7.299],[-40.263,-7.301],[-40.247,-7.313],[-40.22,-7.341],[-40.195,-7.358],[-40.157,-7.371],[-40.156,-7.374],[-40.143,-7.453],[-40.131,-7.525],[-40.129,-7.534],[-40.125,-7.559],[-40.123,-7.573],[-40.118,-7.601],[-40.11,-7.649],[-40.11,-7.65],[-40.106,-7.671]]]}},{"type":"Feature","properties":{"id":"2607406","name":"Itacuruba"},"geometry":{"type":"Polygon","coordinates":[[[-38.673,-8.91],[-38.693,-8.918],[-38.696,-8.89],[-38.706,-8.862],[-38.711,-8.858],[-38.717,-8.853],[-38.739,-8.844],[-38.756,-8.831],[-38.788,-8.799],[-38.804,-8.789],[-38.855,-8.784],[-38.857,-8.775],[-38.848,-8.767],[-38.852,-8.762],[-38.851,-8.74],[-38.854,-8.729],[-38.845,-8.715],[-38.843,-8.695],[-38.745,-8.661],[-38.629,-8.621],[-38.631,-8.629],[-38.639,-8.631],[-38.63,-8.637],[-38.627,-8.654],[-38.628,-8.66],[-38.623,-8.667],[-38.628,-8.682],[-38.641,-8.695],[-38.645,-8.715],[-38.652,-8.728],[-38.658,-8.759],[-38.662,-8.783],[-38.659,-8.795],[-38.663,-8.806],[-38.657,-8.829],[-38.659,-8.892],[-38.673,-8.91]]]}},{"type":"Feature","properties":{"id":"2607505","name":"Itaíba"},"geometry":{"type":"Polygon","coordinates":[[[-37.34,-8.837],[-37.336,-8.837],[-37.335,-8.834],[-37.324,-8.838],[-37.318,-8.827],[-37.308,-8.825],[-37.297,-8.822],[-37.289,-8.825],[-37.282,-8.818],[-37.277,-8.816],[-37.272,-8.821],[-37.267,-8.815],[-37.263,-8.817],[-37.259,-8.814],[-37.247,-8.814],[-37.249,-8.819],[-37.237,-8.826],[-37.233,-8.837],[-37.235,-8.841],[-37.225,-8.854],[-37.228,-8.866],[-37.222,-8.866],[-37.224,-8.872],[-37.22,-8.885],[-37.213,-8.888],[-37.205,-8.897],[-37.198,-8.9],[-37.197,-8.909],[-37.187,-8.919],[-37.169,-8.941],[-37.164,-8.939],[-37.158,-8.939],[-37.155,-8.945],[-37.145,-8.946],[-37.139,-8.945],[-37.114,-8.96],[-37.101,-8.96],[-37.099,-8.971],[-37.1,-8.972],[-37.106,-8.993],[-37.111,-8.997],[-37.11,-9.002],[-37.121,-9.013],[-37.126,-9.016],[-37.131,-9.029],[-37.142,-9.037],[-37.145,-9.043],[-37.155,-9.053],[-37.162,-9.073],[-37.16,-9.091],[-37.162,-9.116],[-37.159,-9.126],[-37.16,-9.14],[-37.166,-9.152],[-37.17,-9.169],[-37.178,-9.181],[-37.185,-9.2],[-37.195,-9.203],[-37.198,-9.215],[-37.207,-9.218],[-37.234,-9.24],[-37.234,-9.232],[-37.228,-9.225],[-37.232,-9.222],[-37.233,-9.206],[-37.239,-9.203],[-37.246,-9.19],[-37.243,-9.186],[-37.26,-9.165],[-37.262,-9.16],[-37.262,-9.158],[-37.282,-9.148],[-37.288,-9.136],[-37.296,-9.12],[-37.311,-9.107],[-37.31,-9.1],[-37.315,-9.094],[-37.327,-9.093],[-37.336,-9.08],[-37.34,-9.079],[-37.392,-9.055],[-37.4,-9.052],[-37.418,-9.043],[-37.433,-9.029],[-37.446,-9.026],[-37.469,-9.027],[-37.485,-9.009],[-37.493,-9.0],[-37.492,-8.998],[-37.489,-8.988],[-37.489,-8.986],[-37.487,-8.975],[-37.49,-8.965],[-37.5,-8.968],[-37.524,-8.965],[-37.525,-8.954],[-37.518,-8.938],[-37.507,-8.936],[-37.501,-8.929],[-37.49,-8.93],[-37.483,-8.925],[-37.47,-8.929],[-37.46,-8.937],[-37.458,-8.934],[-37.452,-8.924],[-37.451,-8.914],[-37.458,-8.906],[-37.458,-8.902],[-37.456,-8.897],[-37.461,-8.892],[-37.459,-8.883],[-37.458,-8.883],[-37.456,-8.877],[-37.45,-8.871],[-37.451,-8.865],[-37.455,-8.864],[-37.454,-8.854],[-37.451,-8.849],[-37.446,-8.85],[-37.443,-8.856],[-37.427,-8.855],[-37.419,-8.864],[-37.421,-8.871],[-37.411,-8.874],[-37.404,-8.875],[-37.398,-8.877],[-37.396,-8.873],[-37.395,-8.866],[-37.4,-8.839],[-37.394,-8.833],[-37.392,-8.824],[-37.366,-8.798],[-37.366,-8.802],[-37.363,-8.819],[-37.349,-8.826],[-37.347,-8.832],[-37.34,-8.837]]]}},{"type":"Feature","properties":{"id":"2607604","name":"Ilha de Itamaracá"},"geometry":{"type":"Polygon","coordinates":[[[-34.847,-7.812],[-34.847,-7.816],[-34.856,-7.814],[-34.867,-7.811],[-34.882,-7.809],[-34.889,-7.804],[-34.887,-7.77],[-34.877,-7.74],[-34.87,-7.738],[-34.862,-7.729],[-34.864,-7.713],[-34.853,-7.692],[-34.852,-7.69],[-34.847,-7.688],[-34.846,-7.688],[-34.842,-7.695],[-34.831,-7.7],[-34.833,-7.711],[-34.831,-7.726],[-34.826,-7.726],[-34.823,-7.743],[-34.837,-7.792],[-34.836,-7.81],[-34.847,-7.812]]]}},{"type":"Feature","properties":{"id":"2607653","name":"Itambé"},"geometry":{"type":"Polygon","coordinates":[[[-35.2,-7.387],[-35.19,-7.397],[-35.189,-7.397],[-35.18,-7.395],[-35.172,-7.388],[-35.153,-7.392],[-35.148,-7.394],[-35.126,-7.399],[-35.126,-7.4],[-35.125,-7.402],[-35.109,-7.407],[-35.097,-7.408],[-35.085,-7.402],[-35.079,-7.396],[-35.075,-7.397],[-35.07,-7.398],[-35.048,-7.417],[-35.029,-7.425],[-35.011,-7.445],[-34.985,-7.462],[-35.05,-7.498],[-35.052,-7.499],[-35.077,-7.513],[-35.061,-7.541],[-35.069,-7.545],[-35.077,-7.542],[-35.087,-7.547],[-35.097,-7.543],[-35.107,-7.531],[-35.113,-7.536],[-35.121,-7.535],[-35.12,-7.541],[-35.128,-7.535],[-35.139,-7.521],[-35.14,-7.511],[-35.152,-7.506],[-35.158,-7.502],[-35.159,-7.497],[-35.164,-7.496],[-35.163,-7.492],[-35.174,-7.49],[-35.174,-7.484],[-35.182,-7.484],[-35.187,-7.476],[-35.207,-7.47],[-35.208,-7.46],[-35.215,-7.461],[-35.227,-7.452],[-35.237,-7.44],[-35.241,-7.432],[-35.246,-7.424],[-35.267,-7.409],[-35.273,-7.404],[-35.284,-7.405],[-35.31,-7.412],[-35.313,-7.417],[-35.32,-7.419],[-35.333,-7.415],[-35.335,-7.406],[-35.324,-7.411],[-35.316,-7.405],[-35.306,-7.408],[-35.28,-7.387],[-35.246,-7.374],[-35.234,-7.378],[-35.229,-7.378],[-35.224,-7.379],[-35.2,-7.387]]]}},{"type":"Feature","properties":{"id":"2607703","name":"Itapetim"},"geometry":{"type":"Polygon","coordinates":[[[-37.165,-7.336],[-37.157,-7.338],[-37.145,-7.335],[-37.14,-7.342],[-37.135,-7.346],[-37.128,-7.344],[-37.121,-7.351],[-37.106,-7.353],[-37.102,-7.356],[-37.097,-7.354],[-37.085,-7.358],[-37.081,-7.363],[-37.073,-7.368],[-37.069,-7.382],[-37.053,-7.379],[-37.05,-7.377],[-37.028,-7.385],[-37.013,-7.403],[-37.013,-7.404],[-37.026,-7.422],[-37.017,-7.424],[-37.014,-7.43],[-37.023,-7.433],[-37.022,-7.436],[-37.021,-7.44],[-37.013,-7.445],[-37.01,-7.453],[-36.997,-7.459],[-36.994,-7.464],[-36.995,-7.472],[-36.985,-7.475],[-36.984,-7.482],[-37.003,-7.496],[-37.01,-7.489],[-37.025,-7.496],[-37.026,-7.497],[-37.085,-7.486],[-37.126,-7.479],[-37.159,-7.495],[-37.158,-7.487],[-37.162,-7.483],[-37.159,-7.475],[-37.163,-7.47],[-37.162,-7.466],[-37.154,-7.454],[-37.171,-7.45],[-37.185,-7.452],[-37.196,-7.439],[-37.198,-7.43],[-37.195,-7.425],[-37.202,-7.412],[-37.227,-7.413],[-37.248,-7.396],[-37.27,-7.393],[-37.283,-7.369],[-37.28,-7.359],[-37.28,-7.358],[-37.28,-7.35],[-37.275,-7.342],[-37.271,-7.336],[-37.273,-7.326],[-37.261,-7.307],[-37.261,-7.279],[-37.26,-7.274],[-37.233,-7.274],[-37.233,-7.275],[-37.214,-7.291],[-37.196,-7.294],[-37.177,-7.309],[-37.168,-7.32],[-37.168,-7.332],[-37.165,-7.336]]]}},{"type":"Feature","properties":{"id":"2607752","name":"Itapissuma"},"geometry":{"type":"Polygon","coordinates":[[[-34.896,-7.703],[-34.886,-7.713],[-34.878,-7.71],[-34.864,-7.713],[-34.862,-7.729],[-34.87,-7.738],[-34.877,-7.74],[-34.887,-7.77],[-34.889,-7.804],[-34.903,-7.805],[-34.908,-7.806],[-34.925,-7.806],[-34.927,-7.799],[-34.937,-7.758],[-34.936,-7.749],[-34.943,-7.739],[-34.942,-7.723],[-34.924,-7.702],[-34.922,-7.691],[-34.898,-7.683],[-34.898,-7.687],[-34.895,-7.687],[-34.896,-7.691],[-34.89,-7.694],[-34.897,-7.699],[-34.896,-7.703]]]}},{"type":"Feature","properties":{"id":"2607802","name":"Itaquitinga"},"geometry":{"type":"Polygon","coordinates":[[[-35.072,-7.618],[-35.05,-7.649],[-35.03,-7.677],[-35.014,-7.699],[-34.987,-7.704],[-34.98,-7.701],[-34.962,-7.708],[-34.971,-7.729],[-34.977,-7.733],[-34.983,-7.735],[-34.999,-7.731],[-35.041,-7.744],[-35.046,-7.743],[-35.098,-7.715],[-35.091,-7.692],[-35.091,-7.691],[-35.087,-7.681],[-35.092,-7.678],[-35.091,-7.675],[-35.109,-7.672],[-35.111,-7.672],[-35.118,-7.671],[-35.114,-7.668],[-35.113,-7.66],[-35.106,-7.644],[-35.101,-7.645],[-35.093,-7.638],[-35.088,-7.64],[-35.082,-7.636],[-35.081,-7.628],[-35.076,-7.627],[-35.077,-7.623],[-35.073,-7.622],[-35.072,-7.618]]]}},{"type":"Feature","properties":{"id":"2607901","name":"Jaboatão dos Guararapes"},"geometry":{"type":"Polygon","coordinates":[[[-35.015,-8.056],[-35.003,-8.064],[-34.996,-8.061],[-34.986,-8.075],[-34.977,-8.08],[-34.972,-8.079],[-34.974,-8.086],[-34.97,-8.089],[-34.964,-8.115],[-34.961,-8.119],[-34.948,-8.134],[-34.945,-8.137],[-34.923,-8.14],[-34.916,-8.144],[-34.912,-8.162],[-34.918,-8.185],[-34.916,-8.208],[-34.925,-8.224],[-34.931,-8.229],[-34.937,-8.24],[-34.944,-8.242],[-34.957,-8.231],[-34.955,-8.226],[-34.962,-8.215],[-34.966,-8.214],[-34.971,-8.217],[-34.97,-8.225],[-34.977,-8.231],[-34.984,-8.229],[-34.983,-8.226],[-34.986,-8.225],[-34.986,-8.218],[-34.992,-8.225],[-34.995,-8.224],[-35.004,-8.209],[-35.006,-8.207],[-35.062,-8.221],[-35.068,-8.209],[-35.066,-8.2],[-35.067,-8.198],[-35.093,-8.165],[-35.097,-8.161],[-35.081,-8.131],[-35.076,-8.12],[-35.064,-8.097],[-35.059,-8.087],[-35.053,-8.075],[-35.05,-8.068],[-35.032,-8.062],[-35.015,-8.056]]]}},{"type":"Feature","properties":{"id":"2607950","name":"Jaqueira"},"geometry":{"type":"Polygon","coordinates":[[[-35.817,-8.694],[-35.815,-8.706],[-35.81,-8.698],[-35.805,-8.697],[-35.802,-8.702],[-35.793,-8.697],[-35.788,-8.703],[-35.789,-8.707],[-35.779,-8.711],[-35.771,-8.703],[-35.764,-8.706],[-35.755,-8.701],[-35.748,-8.702],[-35.744,-8.718],[-35.75,-8.719],[-35.751,-8.723],[-35.749,-8.729],[-35.763,-8.74],[-35.768,-8.749],[-35.767,-8.759],[-35.775,-8.766],[-35.784,-8.773],[-35.79,-8.773],[-35.799,-8.776],[-35.803,-8.77],[-35.812,-8.775],[-35.82,-8.779],[-35.818,-8.791],[-35.825,-8.794],[-35.824,-8.8],[-35.837,-8.801],[-35.839,-8.807],[-35.847,-8.808],[-35.852,-8.758],[-35.853,-8.751],[-35.857,-8.748],[-35.845,-8.733],[-35.845,-8.717],[-35.841,-8.713],[-35.833,-8.713],[-35.821,-8.709],[-35.818,-8.699],[-35.821,-8.695],[-35.818,-8.688],[-35.819,-8.683],[-35.81,-8.673],[-35.811,-8.689],[-35.817,-8.694]]]}},{"type":"Feature","properties":{"id":"2608008","name":"Jataúba"},"geometry":{"type":"Polygon","coordinates":[[[-36.513,-7.914],[-36.499,-7.92],[-36.488,-7.915],[-36.48,-7.924],[-36.464,-7.915],[-36.446,-7.916],[-36.443,-7.92],[-36.391,-7.967],[-36.38,-7.976],[-36.399,-8.028],[-36.414,-8.066],[-36.433,-8.116],[-36.444,-8.145],[-36.462,-8.138],[-36.493,-8.126],[-36.494,-8.126],[-36.492,-8.136],[-36.501,-8.151],[-36.512,-8.158],[-36.524,-8.181],[-36.528,-8.183],[-36.531,-8.185],[-36.532,-8.192],[-36.547,-8.21],[-36.564,-8.205],[-36.572,-8.208],[-36.581,-8.205],[-36.589,-8.209],[-36.606,-8.212],[-36.612,-8.166],[-36.62,-8.152],[-36.627,-8.15],[-36.634,-8.158],[-36.647,-8.146],[-36.658,-8.141],[-36.667,-8.143],[-36.689,-8.137],[-36.668,-8.124],[-36.64,-8.119],[-36.628,-8.111],[-36.628,-8.102],[-36.637,-8.093],[-36.647,-8.092],[-36.648,-8.082],[-36.657,-8.082],[-36.657,-8.076],[-36.657,-8.075],[-36.653,-8.07],[-36.634,-8.059],[-36.628,-8.055],[-36.628,-8.014],[-36.628,-7.986],[-36.623,-7.982],[-36.622,-7.969],[-36.613,-7.956],[-36.612,-7.947],[-36.587,-7.958],[-36.576,-7.959],[-36.573,-7.956],[-36.574,-7.951],[-36.58,-7.948],[-36.572,-7.936],[-36.578,-7.915],[-36.574,-7.907],[-36.568,-7.903],[-36.552,-7.898],[-36.536,-7.901],[-36.513,-7.914]]]}},{"type":"Feature","properties":{"id":"2608057","name":"Jatobá"},"geometry":{"type":"Polygon","coordinates":[[[-38.202,-9.296],[-38.237,-9.329],[-38.25,-9.29],[-38.262,-9.266],[-38.287,-9.217],[-38.28,-9.206],[-38.287,-9.173],[-38.306,-9.153],[-38.313,-9.148],[-38.256,-9.125],[-38.218,-9.109],[-38.205,-9.104],[-38.204,-9.105],[-38.198,-9.152],[-38.159,-9.159],[-38.158,-9.16],[-38.156,-9.16],[-38.126,-9.166],[-38.125,-9.166],[-38.105,-9.17],[-38.092,-9.172],[-38.102,-9.18],[-38.119,-9.201],[-38.144,-9.218],[-38.156,-9.242],[-38.156,-9.249],[-38.158,-9.263],[-38.177,-9.288],[-38.18,-9.291],[-38.202,-9.296]]]}},{"type":"Feature","properties":{"id":"2608107","name":"João Alfredo"},"geometry":{"type":"Polygon","coordinates":[[[-35.511,-7.801],[-35.508,-7.803],[-35.507,-7.803],[-35.505,-7.805],[-35.504,-7.805],[-35.502,-7.807],[-35.503,-7.813],[-35.507,-7.842],[-35.508,-7.85],[-35.509,-7.85],[-35.51,-7.86],[-35.518,-7.872],[-35.528,-7.878],[-35.527,-7.88],[-35.525,-7.882],[-35.523,-7.893],[-35.52,-7.904],[-35.534,-7.894],[-35.552,-7.898],[-35.556,-7.891],[-35.561,-7.889],[-35.576,-7.894],[-35.589,-7.893],[-35.595,-7.889],[-35.614,-7.876],[-35.616,-7.877],[-35.63,-7.884],[-35.655,-7.897],[-35.681,-7.91],[-35.684,-7.908],[-35.694,-7.9],[-35.691,-7.896],[-35.695,-7.894],[-35.689,-7.888],[-35.69,-7.879],[-35.685,-7.869],[-35.686,-7.861],[-35.687,-7.847],[-35.684,-7.844],[-35.636,-7.841],[-35.63,-7.84],[-35.603,-7.838],[-35.601,-7.838],[-35.598,-7.838],[-35.584,-7.832],[-35.577,-7.828],[-35.568,-7.834],[-35.565,-7.831],[-35.556,-7.826],[-35.548,-7.822],[-35.526,-7.806],[-35.521,-7.804],[-35.52,-7.802],[-35.519,-7.801],[-35.518,-7.801],[-35.517,-7.8],[-35.516,-7.8],[-35.514,-7.8],[-35.512,-7.801],[-35.511,-7.801]]]}},{"type":"Feature","properties":{"id":"2608206","name":"Joaquim Nabuco"},"geometry":{"type":"Polygon","coordinates":[[[-35.535,-8.482],[-35.534,-8.484],[-35.534,-8.485],[-35.534,-8.486],[-35.533,-8.486],[-35.531,-8.485],[-35.53,-8.486],[-35.529,-8.487],[-35.525,-8.493],[-35.524,-8.493],[-35.524,-8.494],[-35.524,-8.495],[-35.524,-8.496],[-35.524,-8.499],[-35.525,-8.504],[-35.522,-8.504],[-35.521,-8.503],[-35.52,-8.503],[-35.52,-8.504],[-35.518,-8.503],[-35.517,-8.503],[-35.516,-8.503],[-35.516,-8.504],[-35.515,-8.504],[-35.514,-8.503],[-35.513,-8.502],[-35.508,-8.498],[-35.507,-8.499],[-35.506,-8.502],[-35.504,-8.501],[-35.504,-8.5],[-35.503,-8.499],[-35.502,-8.499],[-35.5,-8.498],[-35.498,-8.497],[-35.496,-8.496],[-35.493,-8.494],[-35.491,-8.494],[-35.489,-8.494],[-35.488,-8.495],[-35.486,-8.498],[-35.486,-8.499],[-35.487,-8.502],[-35.487,-8.506],[-35.521,-8.556],[-35.524,-8.58],[-35.521,-8.592],[-35.515,-8.621],[-35.515,-8.623],[-35.514,-8.624],[-35.512,-8.635],[-35.537,-8.658],[-35.544,-8.657],[-35.543,-8.644],[-35.544,-8.643],[-35.55,-8.643],[-35.556,-8.642],[-35.561,-8.638],[-35.571,-8.629],[-35.573,-8.616],[-35.585,-8.53],[-35.587,-8.517],[-35.587,-8.515],[-35.588,-8.515],[-35.588,-8.514],[-35.586,-8.511],[-35.581,-8.508],[-35.58,-8.507],[-35.579,-8.507],[-35.573,-8.503],[-35.572,-8.502],[-35.572,-8.5],[-35.57,-8.498],[-35.556,-8.491],[-35.553,-8.489],[-35.551,-8.488],[-35.549,-8.486],[-35.548,-8.486],[-35.547,-8.487],[-35.547,-8.486],[-35.546,-8.486],[-35.545,-8.486],[-35.542,-8.485],[-35.539,-8.484],[-35.538,-8.484],[-35.536,-8.482],[-35.535,-8.482]]]}},{"type":"Feature","properties":{"id":"2608255","name":"Jucati"},"geometry":{"type":"Polygon","coordinates":[[[-36.448,-8.657],[-36.435,-8.689],[-36.426,-8.712],[-36.424,-8.718],[-36.424,-8.719],[-36.406,-8.762],[-36.4,-8.777],[-36.408,-8.78],[-36.408,-8.783],[-36.427,-8.798],[-36.438,-8.798],[-36.439,-8.798],[-36.444,-8.8],[-36.453,-8.802],[-36.456,-8.799],[-36.472,-8.802],[-36.482,-8.797],[-36.485,-8.796],[-36.487,-8.795],[-36.5,-8.78],[-36.504,-8.781],[-36.515,-8.771],[-36.516,-8.761],[-36.51,-8.755],[-36.507,-8.744],[-36.515,-8.733],[-36.513,-8.731],[-36.498,-8.717],[-36.508,-8.708],[-36.492,-8.706],[-36.487,-8.703],[-36.483,-8.703],[-36.472,-8.694],[-36.467,-8.69],[-36.469,-8.681],[-36.463,-8.668],[-36.466,-8.664],[-36.46,-8.667],[-36.452,-8.664],[-36.448,-8.657]]]}},{"type":"Feature","properties":{"id":"2608305","name":"Jupi"},"geometry":{"type":"Polygon","coordinates":[[[-36.365,-8.752],[-36.328,-8.799],[-36.333,-8.805],[-36.342,-8.801],[-36.346,-8.802],[-36.345,-8.794],[-36.35,-8.785],[-36.361,-8.792],[-36.361,-8.798],[-36.378,-8.791],[-36.382,-8.794],[-36.391,-8.79],[-36.395,-8.793],[-36.4,-8.791],[-36.401,-8.784],[-36.394,-8.784],[-36.393,-8.782],[-36.394,-8.778],[-36.4,-8.777],[-36.406,-8.762],[-36.424,-8.719],[-36.424,-8.718],[-36.426,-8.712],[-36.435,-8.689],[-36.448,-8.657],[-36.441,-8.655],[-36.427,-8.65],[-36.396,-8.639],[-36.382,-8.635],[-36.374,-8.668],[-36.369,-8.687],[-36.369,-8.699],[-36.37,-8.71],[-36.37,-8.712],[-36.37,-8.713],[-36.371,-8.743],[-36.365,-8.752]]]}},{"type":"Feature","properties":{"id":"2608404","name":"Jurema"},"geometry":{"type":"Polygon","coordinates":[[[-36.131,-8.709],[-36.13,-8.709],[-36.124,-8.715],[-36.087,-8.719],[-36.076,-8.72],[-36.094,-8.731],[-36.088,-8.734],[-36.076,-8.731],[-36.075,-8.767],[-36.075,-8.77],[-36.089,-8.776],[-36.093,-8.781],[-36.096,-8.787],[-36.115,-8.826],[-36.121,-8.836],[-36.136,-8.834],[-36.141,-8.825],[-36.149,-8.826],[-36.152,-8.818],[-36.148,-8.813],[-36.149,-8.804],[-36.157,-8.805],[-36.158,-8.797],[-36.162,-8.794],[-36.169,-8.793],[-36.179,-8.782],[-36.186,-8.781],[-36.187,-8.787],[-36.205,-8.791],[-36.216,-8.793],[-36.201,-8.754],[-36.198,-8.745],[-36.184,-8.711],[-36.187,-8.712],[-36.184,-8.688],[-36.182,-8.669],[-36.181,-8.664],[-36.132,-8.708],[-36.131,-8.709]]]}},{"type":"Feature","properties":{"id":"2608453","name":"Lagoa do Carro"},"geometry":{"type":"Polygon","coordinates":[[[-35.376,-7.818],[-35.373,-7.82],[-35.369,-7.821],[-35.365,-7.825],[-35.363,-7.826],[-35.359,-7.826],[-35.358,-7.827],[-35.359,-7.828],[-35.359,-7.829],[-35.357,-7.829],[-35.354,-7.828],[-35.351,-7.829],[-35.35,-7.829],[-35.348,-7.828],[-35.348,-7.826],[-35.346,-7.825],[-35.345,-7.825],[-35.344,-7.824],[-35.343,-7.825],[-35.341,-7.825],[-35.341,-7.824],[-35.339,-7.823],[-35.338,-7.822],[-35.337,-7.821],[-35.336,-7.822],[-35.334,-7.822],[-35.333,-7.824],[-35.332,-7.824],[-35.329,-7.824],[-35.328,-7.824],[-35.326,-7.823],[-35.323,-7.823],[-35.322,-7.824],[-35.32,-7.824],[-35.319,-7.825],[-35.32,-7.828],[-35.319,-7.83],[-35.318,-7.83],[-35.316,-7.83],[-35.313,-7.828],[-35.31,-7.828],[-35.307,-7.826],[-35.301,-7.827],[-35.297,-7.824],[-35.295,-7.821],[-35.295,-7.82],[-35.292,-7.823],[-35.291,-7.828],[-35.285,-7.834],[-35.282,-7.84],[-35.286,-7.842],[-35.286,-7.846],[-35.285,-7.847],[-35.283,-7.847],[-35.283,-7.853],[-35.284,-7.857],[-35.286,-7.86],[-35.286,-7.863],[-35.289,-7.868],[-35.29,-7.87],[-35.29,-7.872],[-35.289,-7.874],[-35.294,-7.876],[-35.296,-7.879],[-35.296,-7.882],[-35.298,-7.883],[-35.305,-7.884],[-35.309,-7.885],[-35.31,-7.885],[-35.314,-7.886],[-35.316,-7.887],[-35.32,-7.885],[-35.322,-7.884],[-35.328,-7.88],[-35.33,-7.879],[-35.332,-7.88],[-35.333,-7.881],[-35.334,-7.883],[-35.335,-7.891],[-35.335,-7.893],[-35.336,-7.895],[-35.339,-7.895],[-35.341,-7.893],[-35.342,-7.891],[-35.345,-7.889],[-35.346,-7.889],[-35.35,-7.891],[-35.353,-7.891],[-35.355,-7.89],[-35.36,-7.883],[-35.362,-7.877],[-35.364,-7.876],[-35.366,-7.874],[-35.37,-7.87],[-35.37,-7.869],[-35.37,-7.868],[-35.369,-7.86],[-35.374,-7.857],[-35.379,-7.855],[-35.382,-7.853],[-35.388,-7.85],[-35.405,-7.825],[-35.405,-7.824],[-35.404,-7.824],[-35.402,-7.825],[-35.4,-7.827],[-35.395,-7.827],[-35.393,-7.826],[-35.391,-7.825],[-35.388,-7.823],[-35.385,-7.819],[-35.384,-7.819],[-35.382,-7.82],[-35.378,-7.818],[-35.377,-7.819],[-35.376,-7.818]]]}},{"type":"Feature","properties":{"id":"2608503","name":"Lagoa do Itaenga"},"geometry":{"type":"Polygon","coordinates":[[[-35.279,-7.882],[-35.273,-7.89],[-35.268,-7.892],[-35.243,-7.887],[-35.241,-7.887],[-35.241,-7.888],[-35.25,-7.898],[-35.254,-7.915],[-35.254,-7.946],[-35.291,-7.938],[-35.297,-7.938],[-35.298,-7.938],[-35.3,-7.937],[-35.304,-7.941],[-35.309,-7.939],[-35.318,-7.934],[-35.32,-7.933],[-35.321,-7.932],[-35.323,-7.931],[-35.324,-7.931],[-35.326,-7.928],[-35.329,-7.925],[-35.332,-7.92],[-35.335,-7.916],[-35.355,-7.89],[-35.347,-7.89],[-35.346,-7.889],[-35.345,-7.889],[-35.342,-7.891],[-35.336,-7.895],[-35.334,-7.883],[-35.333,-7.881],[-35.332,-7.88],[-35.33,-7.879],[-35.328,-7.88],[-35.314,-7.886],[-35.31,-7.885],[-35.309,-7.885],[-35.305,-7.884],[-35.298,-7.883],[-35.296,-7.882],[-35.296,-7.879],[-35.294,-7.876],[-35.289,-7.874],[-35.287,-7.874],[-35.285,-7.874],[-35.283,-7.874],[-35.282,-7.875],[-35.279,-7.882]]]}},{"type":"Feature","properties":{"id":"2608602","name":"Lagoa do Ouro"},"geometry":{"type":"Polygon","coordinates":[[[-36.445,-9.069],[-36.433,-9.08],[-36.436,-9.084],[-36.429,-9.085],[-36.425,-9.09],[-36.415,-9.088],[-36.413,-9.111],[-36.409,-9.153],[-36.408,-9.16],[-36.405,-9.192],[-36.404,-9.203],[-36.403,-9.223],[-36.407,-9.221],[-36.408,-9.222],[-36.415,-9.229],[-36.419,-9.229],[-36.424,-9.226],[-36.423,-9.215],[-36.437,-9.212],[-36.441,-9.219],[-36.454,-9.225],[-36.453,-9.232],[-36.457,-9.233],[-36.462,-9.239],[-36.476,-9.243],[-36.481,-9.239],[-36.488,-9.241],[-36.489,-9.252],[-36.492,-9.254],[-36.491,-9.262],[-36.498,-9.264],[-36.5,-9.262],[-36.507,-9.26],[-36.509,-9.255],[-36.511,-9.248],[-36.507,-9.234],[-36.513,-9.232],[-36.524,-9.215],[-36.52,-9.211],[-36.52,-9.207],[-36.525,-9.209],[-36.52,-9.199],[-36.522,-9.195],[-36.52,-9.191],[-36.525,-9.186],[-36.507,-9.176],[-36.507,-9.17],[-36.503,-9.165],[-36.514,-9.159],[-36.512,-9.147],[-36.518,-9.141],[-36.511,-9.136],[-36.515,-9.127],[-36.516,-9.122],[-36.526,-9.119],[-36.524,-9.116],[-36.526,-9.109],[-36.533,-9.109],[-36.53,-9.103],[-36.49,-9.091],[-36.478,-9.086],[-36.478,-9.089],[-36.465,-9.078],[-36.453,-9.072],[-36.447,-9.074],[-36.445,-9.069]]]}},{"type":"Feature","properties":{"id":"2608701","name":"Lagoa dos Gatos"},"geometry":{"type":"Polygon","coordinates":[[[-35.84,-8.625],[-35.839,-8.628],[-35.831,-8.625],[-35.826,-8.628],[-35.817,-8.637],[-35.817,-8.647],[-35.813,-8.648],[-35.807,-8.649],[-35.81,-8.673],[-35.819,-8.683],[-35.818,-8.688],[-35.821,-8.695],[-35.818,-8.699],[-35.821,-8.709],[-35.833,-8.713],[-35.841,-8.713],[-35.845,-8.717],[-35.845,-8.733],[-35.857,-8.748],[-35.868,-8.754],[-35.91,-8.75],[-35.917,-8.748],[-35.92,-8.75],[-35.92,-8.761],[-35.911,-8.764],[-35.913,-8.768],[-35.918,-8.768],[-35.924,-8.762],[-35.935,-8.756],[-35.939,-8.757],[-35.95,-8.746],[-35.955,-8.742],[-35.964,-8.735],[-35.967,-8.744],[-35.973,-8.744],[-35.973,-8.735],[-35.979,-8.725],[-35.977,-8.712],[-35.972,-8.709],[-35.974,-8.679],[-35.973,-8.671],[-35.954,-8.639],[-35.952,-8.636],[-35.948,-8.629],[-35.942,-8.628],[-35.916,-8.622],[-35.909,-8.621],[-35.897,-8.615],[-35.874,-8.61],[-35.854,-8.605],[-35.851,-8.604],[-35.855,-8.61],[-35.855,-8.613],[-35.844,-8.622],[-35.841,-8.625],[-35.84,-8.625]]]}},{"type":"Feature","properties":{"id":"2608750","name":"Lagoa Grande"},"geometry":{"type":"Polygon","coordinates":[[[-40.254,-8.507],[-40.243,-8.511],[-40.232,-8.505],[-40.214,-8.503],[-40.196,-8.512],[-40.187,-8.527],[-40.181,-8.525],[-40.176,-8.53],[-40.177,-8.54],[-40.169,-8.544],[-40.164,-8.55],[-40.166,-8.572],[-40.157,-8.576],[-40.155,-8.583],[-40.146,-8.588],[-40.141,-8.598],[-40.132,-8.607],[-40.117,-8.612],[-40.101,-8.611],[-40.091,-8.618],[-40.086,-8.63],[-40.074,-8.631],[-40.073,-8.635],[-40.073,-8.645],[-40.068,-8.749],[-40.092,-8.922],[-40.097,-8.957],[-40.088,-8.95],[-40.072,-8.954],[-40.066,-8.963],[-40.049,-8.972],[-40.044,-8.972],[-40.037,-8.979],[-40.045,-8.986],[-40.047,-8.996],[-40.03,-9.006],[-40.024,-9.018],[-40.028,-9.03],[-40.024,-9.05],[-40.024,-9.053],[-40.024,-9.057],[-40.005,-9.059],[-40.065,-9.063],[-40.073,-9.075],[-40.092,-9.085],[-40.107,-9.097],[-40.119,-9.102],[-40.129,-9.11],[-40.134,-9.109],[-40.151,-9.107],[-40.165,-9.106],[-40.174,-9.09],[-40.208,-9.063],[-40.208,-9.061],[-40.209,-9.055],[-40.22,-9.048],[-40.222,-9.038],[-40.232,-9.031],[-40.232,-9.017],[-40.242,-9.001],[-40.26,-8.99],[-40.269,-8.996],[-40.271,-9.002],[-40.272,-9.003],[-40.279,-9.007],[-40.283,-9.008],[-40.296,-8.995],[-40.299,-8.986],[-40.293,-8.971],[-40.305,-8.954],[-40.297,-8.938],[-40.29,-8.94],[-40.284,-8.934],[-40.272,-8.929],[-40.275,-8.91],[-40.273,-8.901],[-40.296,-8.879],[-40.298,-8.87],[-40.305,-8.869],[-40.311,-8.862],[-40.344,-8.863],[-40.362,-8.853],[-40.359,-8.836],[-40.363,-8.833],[-40.365,-8.824],[-40.366,-8.82],[-40.37,-8.817],[-40.382,-8.811],[-40.386,-8.812],[-40.396,-8.803],[-40.4,-8.795],[-40.396,-8.789],[-40.397,-8.776],[-40.393,-8.773],[-40.402,-8.754],[-40.396,-8.749],[-40.398,-8.742],[-40.392,-8.728],[-40.397,-8.718],[-40.392,-8.71],[-40.393,-8.692],[-40.404,-8.687],[-40.406,-8.677],[-40.416,-8.668],[-40.419,-8.658],[-40.429,-8.644],[-40.443,-8.63],[-40.446,-8.619],[-40.433,-8.603],[-40.42,-8.574],[-40.418,-8.561],[-40.411,-8.555],[-40.394,-8.546],[-40.383,-8.536],[-40.379,-8.528],[-40.375,-8.502],[-40.351,-8.509],[-40.341,-8.517],[-40.333,-8.518],[-40.327,-8.513],[-40.318,-8.516],[-40.305,-8.513],[-40.299,-8.507],[-40.299,-8.501],[-40.289,-8.499],[-40.287,-8.507],[-40.273,-8.509],[-40.267,-8.504],[-40.266,-8.501],[-40.257,-8.496],[-40.254,-8.507]]]}},{"type":"Feature","properties":{"id":"2608800","name":"Lajedo"},"geometry":{"type":"Polygon","coordinates":[[[-36.286,-8.607],[-36.292,-8.631],[-36.268,-8.624],[-36.251,-8.65],[-36.248,-8.655],[-36.242,-8.662],[-36.232,-8.672],[-36.194,-8.712],[-36.218,-8.713],[-36.228,-8.736],[-36.239,-8.762],[-36.245,-8.778],[-36.249,-8.786],[-36.279,-8.753],[-36.294,-8.735],[-36.315,-8.711],[-36.328,-8.696],[-36.332,-8.692],[-36.357,-8.664],[-36.382,-8.635],[-36.361,-8.626],[-36.332,-8.614],[-36.28,-8.566],[-36.275,-8.562],[-36.273,-8.562],[-36.286,-8.607]]]}},{"type":"Feature","properties":{"id":"2608909","name":"Limoeiro"},"geometry":{"type":"Polygon","coordinates":[[[-35.434,-7.749],[-35.416,-7.789],[-35.406,-7.776],[-35.406,-7.783],[-35.405,-7.825],[-35.388,-7.85],[-35.382,-7.853],[-35.379,-7.855],[-35.374,-7.857],[-35.369,-7.86],[-35.37,-7.868],[-35.37,-7.869],[-35.37,-7.87],[-35.366,-7.874],[-35.364,-7.876],[-35.362,-7.877],[-35.36,-7.883],[-35.355,-7.89],[-35.356,-7.893],[-35.355,-7.895],[-35.353,-7.897],[-35.353,-7.9],[-35.354,-7.9],[-35.355,-7.9],[-35.356,-7.9],[-35.357,-7.9],[-35.358,-7.901],[-35.358,-7.902],[-35.359,-7.902],[-35.361,-7.901],[-35.361,-7.903],[-35.361,-7.904],[-35.361,-7.905],[-35.362,-7.905],[-35.363,-7.905],[-35.364,-7.905],[-35.365,-7.905],[-35.365,-7.904],[-35.365,-7.903],[-35.366,-7.902],[-35.367,-7.903],[-35.368,-7.904],[-35.369,-7.903],[-35.37,-7.903],[-35.37,-7.904],[-35.371,-7.904],[-35.372,-7.904],[-35.373,-7.904],[-35.373,-7.905],[-35.374,-7.906],[-35.375,-7.906],[-35.376,-7.905],[-35.377,-7.905],[-35.378,-7.905],[-35.378,-7.904],[-35.379,-7.903],[-35.38,-7.903],[-35.381,-7.903],[-35.382,-7.903],[-35.383,-7.903],[-35.384,-7.903],[-35.384,-7.904],[-35.384,-7.905],[-35.384,-7.906],[-35.385,-7.906],[-35.386,-7.906],[-35.387,-7.908],[-35.388,-7.908],[-35.387,-7.907],[-35.388,-7.907],[-35.389,-7.908],[-35.39,-7.909],[-35.391,-7.91],[-35.391,-7.911],[-35.392,-7.912],[-35.393,-7.913],[-35.394,-7.913],[-35.395,-7.913],[-35.395,-7.914],[-35.395,-7.915],[-35.396,-7.915],[-35.397,-7.915],[-35.397,-7.916],[-35.399,-7.916],[-35.4,-7.916],[-35.401,-7.917],[-35.403,-7.917],[-35.404,-7.919],[-35.406,-7.92],[-35.407,-7.921],[-35.409,-7.921],[-35.41,-7.922],[-35.414,-7.923],[-35.415,-7.923],[-35.415,-7.924],[-35.416,-7.926],[-35.417,-7.927],[-35.42,-7.929],[-35.421,-7.93],[-35.421,-7.931],[-35.422,-7.933],[-35.423,-7.934],[-35.426,-7.935],[-35.426,-7.936],[-35.426,-7.938],[-35.427,-7.94],[-35.428,-7.941],[-35.429,-7.943],[-35.431,-7.943],[-35.432,-7.944],[-35.433,-7.945],[-35.434,-7.946],[-35.434,-7.948],[-35.435,-7.949],[-35.436,-7.95],[-35.435,-7.951],[-35.438,-7.953],[-35.439,-7.955],[-35.438,-7.957],[-35.439,-7.957],[-35.439,-7.958],[-35.439,-7.959],[-35.441,-7.96],[-35.442,-7.961],[-35.471,-7.939],[-35.499,-7.92],[-35.5,-7.919],[-35.503,-7.923],[-35.504,-7.925],[-35.506,-7.926],[-35.507,-7.927],[-35.509,-7.93],[-35.511,-7.932],[-35.512,-7.935],[-35.513,-7.938],[-35.514,-7.938],[-35.517,-7.92],[-35.52,-7.908],[-35.52,-7.904],[-35.523,-7.893],[-35.525,-7.882],[-35.528,-7.879],[-35.528,-7.878],[-35.518,-7.872],[-35.513,-7.863],[-35.51,-7.86],[-35.509,-7.85],[-35.508,-7.85],[-35.507,-7.842],[-35.503,-7.813],[-35.502,-7.807],[-35.493,-7.804],[-35.477,-7.797],[-35.476,-7.786],[-35.476,-7.785],[-35.476,-7.784],[-35.477,-7.783],[-35.479,-7.783],[-35.481,-7.783],[-35.482,-7.782],[-35.484,-7.779],[-35.485,-7.778],[-35.485,-7.777],[-35.484,-7.775],[-35.484,-7.771],[-35.482,-7.769],[-35.482,-7.768],[-35.481,-7.767],[-35.481,-7.766],[-35.482,-7.765],[-35.482,-7.764],[-35.481,-7.763],[-35.482,-7.761],[-35.481,-7.758],[-35.481,-7.757],[-35.481,-7.756],[-35.482,-7.755],[-35.482,-7.754],[-35.481,-7.752],[-35.481,-7.75],[-35.482,-7.75],[-35.481,-7.747],[-35.482,-7.743],[-35.481,-7.742],[-35.479,-7.74],[-35.478,-7.739],[-35.477,-7.738],[-35.476,-7.737],[-35.475,-7.735],[-35.473,-7.734],[-35.471,-7.73],[-35.47,-7.729],[-35.468,-7.725],[-35.465,-7.722],[-35.463,-7.72],[-35.459,-7.718],[-35.458,-7.716],[-35.457,-7.715],[-35.457,-7.714],[-35.427,-7.719],[-35.419,-7.721],[-35.413,-7.74],[-35.414,-7.741],[-35.434,-7.749]]]}},{"type":"Feature","properties":{"id":"2609006","name":"Macaparana"},"geometry":{"type":"Polygon","coordinates":[[[-35.411,-7.527],[-35.405,-7.554],[-35.409,-7.557],[-35.409,-7.563],[-35.413,-7.566],[-35.419,-7.564],[-35.43,-7.578],[-35.425,-7.583],[-35.413,-7.577],[-35.419,-7.59],[-35.422,-7.6],[-35.429,-7.616],[-35.448,-7.607],[-35.45,-7.602],[-35.458,-7.597],[-35.451,-7.578],[-35.454,-7.567],[-35.454,-7.566],[-35.455,-7.558],[-35.463,-7.558],[-35.461,-7.553],[-35.466,-7.551],[-35.474,-7.552],[-35.477,-7.557],[-35.488,-7.556],[-35.491,-7.528],[-35.502,-7.512],[-35.504,-7.499],[-35.506,-7.497],[-35.507,-7.486],[-35.503,-7.456],[-35.489,-7.45],[-35.475,-7.444],[-35.452,-7.453],[-35.441,-7.457],[-35.434,-7.47],[-35.426,-7.481],[-35.425,-7.482],[-35.416,-7.495],[-35.411,-7.526],[-35.411,-7.527]]]}},{"type":"Feature","properties":{"id":"2609105","name":"Machados"},"geometry":{"type":"Polygon","coordinates":[[[-35.512,-7.656],[-35.475,-7.677],[-35.464,-7.671],[-35.456,-7.666],[-35.453,-7.665],[-35.453,-7.689],[-35.473,-7.715],[-35.484,-7.73],[-35.49,-7.729],[-35.49,-7.73],[-35.492,-7.732],[-35.496,-7.734],[-35.501,-7.737],[-35.511,-7.747],[-35.52,-7.749],[-35.523,-7.744],[-35.526,-7.749],[-35.533,-7.748],[-35.529,-7.743],[-35.539,-7.737],[-35.541,-7.735],[-35.538,-7.728],[-35.549,-7.722],[-35.548,-7.716],[-35.538,-7.714],[-35.54,-7.707],[-35.519,-7.694],[-35.517,-7.691],[-35.521,-7.686],[-35.522,-7.686],[-35.522,-7.684],[-35.523,-7.675],[-35.51,-7.667],[-35.512,-7.656]]]}},{"type":"Feature","properties":{"id":"2609154","name":"Manari"},"geometry":{"type":"Polygon","coordinates":[[[-37.366,-8.797],[-37.366,-8.798],[-37.392,-8.824],[-37.394,-8.833],[-37.4,-8.839],[-37.395,-8.866],[-37.396,-8.873],[-37.398,-8.877],[-37.404,-8.875],[-37.411,-8.874],[-37.421,-8.871],[-37.419,-8.864],[-37.427,-8.855],[-37.443,-8.856],[-37.446,-8.85],[-37.451,-8.849],[-37.454,-8.854],[-37.455,-8.864],[-37.451,-8.865],[-37.45,-8.871],[-37.456,-8.877],[-37.458,-8.883],[-37.459,-8.883],[-37.461,-8.892],[-37.456,-8.897],[-37.458,-8.902],[-37.458,-8.906],[-37.451,-8.914],[-37.452,-8.924],[-37.458,-8.934],[-37.46,-8.937],[-37.47,-8.929],[-37.483,-8.925],[-37.49,-8.93],[-37.501,-8.929],[-37.507,-8.936],[-37.518,-8.938],[-37.525,-8.954],[-37.524,-8.965],[-37.53,-8.963],[-37.532,-8.961],[-37.541,-8.958],[-37.546,-8.961],[-37.562,-8.974],[-37.583,-8.97],[-37.6,-8.976],[-37.614,-8.989],[-37.616,-9.0],[-37.611,-9.005],[-37.626,-9.014],[-37.644,-9.018],[-37.659,-9.006],[-37.664,-8.999],[-37.661,-8.987],[-37.686,-8.998],[-37.689,-8.99],[-37.698,-8.992],[-37.702,-8.989],[-37.703,-8.986],[-37.688,-8.978],[-37.684,-8.968],[-37.69,-8.956],[-37.702,-8.948],[-37.703,-8.938],[-37.677,-8.924],[-37.652,-8.911],[-37.635,-8.902],[-37.596,-8.86],[-37.574,-8.838],[-37.556,-8.819],[-37.542,-8.811],[-37.536,-8.814],[-37.518,-8.802],[-37.508,-8.803],[-37.497,-8.79],[-37.448,-8.794],[-37.366,-8.797]]]}},{"type":"Feature","properties":{"id":"2609204","name":"Maraial"},"geometry":{"type":"Polygon","coordinates":[[[-35.724,-8.759],[-35.721,-8.801],[-35.704,-8.823],[-35.693,-8.838],[-35.673,-8.865],[-35.723,-8.909],[-35.729,-8.91],[-35.748,-8.917],[-35.761,-8.908],[-35.773,-8.906],[-35.778,-8.898],[-35.783,-8.897],[-35.779,-8.888],[-35.783,-8.882],[-35.777,-8.869],[-35.776,-8.858],[-35.781,-8.861],[-35.787,-8.851],[-35.79,-8.853],[-35.795,-8.847],[-35.808,-8.86],[-35.82,-8.856],[-35.823,-8.857],[-35.827,-8.87],[-35.837,-8.868],[-35.845,-8.872],[-35.846,-8.843],[-35.846,-8.825],[-35.847,-8.808],[-35.839,-8.807],[-35.837,-8.801],[-35.824,-8.8],[-35.825,-8.794],[-35.818,-8.791],[-35.82,-8.779],[-35.812,-8.775],[-35.803,-8.77],[-35.799,-8.776],[-35.79,-8.773],[-35.784,-8.773],[-35.775,-8.766],[-35.777,-8.768],[-35.761,-8.759],[-35.742,-8.75],[-35.724,-8.759]]]}},{"type":"Feature","properties":{"id":"2609303","name":"Mirandiba"},"geometry":{"type":"Polygon","coordinates":[[[-38.76,-8.011],[-38.738,-8.022],[-38.729,-8.031],[-38.7,-8.054],[-38.698,-8.063],[-38.692,-8.066],[-38.693,-8.075],[-38.688,-8.099],[-38.669,-8.102],[-38.67,-8.108],[-38.663,-8.113],[-38.657,-8.129],[-38.65,-8.135],[-38.635,-8.145],[-38.628,-8.137],[-38.607,-8.143],[-38.6,-8.139],[-38.598,-8.132],[-38.589,-8.128],[-38.583,-8.139],[-38.536,-8.23],[-38.53,-8.237],[-38.526,-8.237],[-38.53,-8.239],[-38.53,-8.246],[-38.535,-8.251],[-38.542,-8.248],[-38.549,-8.251],[-38.549,-8.259],[-38.555,-8.263],[-38.553,-8.27],[-38.553,-8.272],[-38.549,-8.288],[-38.571,-8.299],[-38.577,-8.297],[-38.587,-8.303],[-38.607,-8.305],[-38.614,-8.31],[-38.619,-8.308],[-38.628,-8.31],[-38.643,-8.303],[-38.653,-8.289],[-38.677,-8.28],[-38.68,-8.276],[-38.697,-8.268],[-38.701,-8.262],[-38.72,-8.258],[-38.731,-8.25],[-38.739,-8.245],[-38.748,-8.243],[-38.749,-8.243],[-38.812,-8.235],[-38.815,-8.233],[-38.827,-8.225],[-38.827,-8.221],[-38.851,-8.225],[-38.868,-8.214],[-38.877,-8.212],[-38.879,-8.209],[-38.871,-8.201],[-38.867,-8.184],[-38.87,-8.168],[-38.881,-8.17],[-38.906,-8.158],[-38.911,-8.145],[-38.922,-8.141],[-38.937,-8.124],[-38.935,-8.118],[-38.931,-8.106],[-38.91,-8.086],[-38.88,-8.05],[-38.87,-8.045],[-38.878,-8.037],[-38.878,-8.02],[-38.877,-8.01],[-38.852,-8.013],[-38.83,-8.016],[-38.777,-8.003],[-38.76,-8.011]]]}},{"type":"Feature","properties":{"id":"2609402","name":"Moreno"},"geometry":{"type":"Polygon","coordinates":[[[-35.108,-8.081],[-35.099,-8.088],[-35.074,-8.084],[-35.066,-8.086],[-35.065,-8.089],[-35.059,-8.087],[-35.064,-8.097],[-35.076,-8.12],[-35.081,-8.131],[-35.097,-8.161],[-35.093,-8.165],[-35.067,-8.198],[-35.066,-8.2],[-35.068,-8.209],[-35.062,-8.221],[-35.064,-8.222],[-35.066,-8.221],[-35.072,-8.222],[-35.075,-8.217],[-35.078,-8.219],[-35.108,-8.192],[-35.109,-8.189],[-35.115,-8.191],[-35.12,-8.184],[-35.123,-8.186],[-35.127,-8.184],[-35.13,-8.188],[-35.134,-8.185],[-35.14,-8.188],[-35.144,-8.185],[-35.15,-8.186],[-35.155,-8.202],[-35.164,-8.217],[-35.162,-8.222],[-35.162,-8.224],[-35.199,-8.198],[-35.206,-8.193],[-35.208,-8.192],[-35.215,-8.187],[-35.222,-8.184],[-35.219,-8.18],[-35.223,-8.176],[-35.224,-8.168],[-35.228,-8.154],[-35.22,-8.148],[-35.222,-8.141],[-35.225,-8.131],[-35.214,-8.118],[-35.211,-8.112],[-35.21,-8.11],[-35.195,-8.079],[-35.181,-8.083],[-35.163,-8.087],[-35.15,-8.091],[-35.147,-8.088],[-35.139,-8.092],[-35.126,-8.075],[-35.124,-8.078],[-35.108,-8.081]]]}},{"type":"Feature","properties":{"id":"2609501","name":"Nazaré da Mata"},"geometry":{"type":"Polygon","coordinates":[[[-35.109,-7.672],[-35.091,-7.675],[-35.102,-7.674],[-35.108,-7.679],[-35.115,-7.694],[-35.112,-7.698],[-35.118,-7.703],[-35.116,-7.705],[-35.119,-7.708],[-35.13,-7.709],[-35.156,-7.72],[-35.159,-7.725],[-35.166,-7.725],[-35.17,-7.727],[-35.168,-7.732],[-35.174,-7.74],[-35.178,-7.757],[-35.182,-7.756],[-35.183,-7.76],[-35.195,-7.759],[-35.199,-7.768],[-35.206,-7.77],[-35.225,-7.783],[-35.245,-7.797],[-35.247,-7.808],[-35.274,-7.788],[-35.304,-7.766],[-35.298,-7.753],[-35.297,-7.751],[-35.283,-7.722],[-35.259,-7.675],[-35.259,-7.676],[-35.25,-7.69],[-35.241,-7.705],[-35.238,-7.702],[-35.241,-7.696],[-35.23,-7.69],[-35.211,-7.681],[-35.203,-7.683],[-35.194,-7.686],[-35.185,-7.688],[-35.167,-7.709],[-35.165,-7.714],[-35.16,-7.71],[-35.156,-7.712],[-35.161,-7.701],[-35.157,-7.696],[-35.159,-7.689],[-35.148,-7.689],[-35.143,-7.684],[-35.139,-7.687],[-35.134,-7.673],[-35.133,-7.666],[-35.132,-7.659],[-35.122,-7.669],[-35.118,-7.671],[-35.111,-7.672],[-35.109,-7.672]]]}},{"type":"Feature","properties":{"id":"2609600","name":"Olinda"},"geometry":{"type":"Polygon","coordinates":[[[-34.853,-7.954],[-34.838,-7.961],[-34.828,-7.958],[-34.837,-7.989],[-34.838,-8.006],[-34.863,-8.036],[-34.864,-8.04],[-34.86,-8.044],[-34.863,-8.042],[-34.876,-8.033],[-34.873,-8.018],[-34.879,-8.018],[-34.88,-8.012],[-34.886,-8.006],[-34.901,-8.001],[-34.915,-7.99],[-34.917,-7.988],[-34.914,-7.978],[-34.895,-7.975],[-34.892,-7.975],[-34.88,-7.973],[-34.876,-7.981],[-34.871,-7.977],[-34.873,-7.968],[-34.868,-7.966],[-34.864,-7.974],[-34.853,-7.968],[-34.856,-7.968],[-34.853,-7.954]]]}},{"type":"Feature","properties":{"id":"2609709","name":"Orobó"},"geometry":{"type":"Polygon","coordinates":[[[-35.527,-7.652],[-35.52,-7.662],[-35.515,-7.657],[-35.512,-7.656],[-35.51,-7.667],[-35.523,-7.675],[-35.522,-7.684],[-35.522,-7.686],[-35.521,-7.686],[-35.517,-7.691],[-35.519,-7.694],[-35.54,-7.707],[-35.538,-7.714],[-35.548,-7.716],[-35.569,-7.73],[-35.586,-7.743],[-35.588,-7.746],[-35.6,-7.763],[-35.61,-7.781],[-35.612,-7.781],[-35.619,-7.777],[-35.617,-7.773],[-35.622,-7.775],[-35.622,-7.774],[-35.625,-7.768],[-35.627,-7.769],[-35.627,-7.767],[-35.626,-7.767],[-35.626,-7.763],[-35.629,-7.766],[-35.637,-7.759],[-35.638,-7.758],[-35.639,-7.757],[-35.64,-7.757],[-35.65,-7.752],[-35.652,-7.75],[-35.652,-7.749],[-35.651,-7.748],[-35.652,-7.746],[-35.653,-7.745],[-35.654,-7.745],[-35.655,-7.744],[-35.661,-7.74],[-35.664,-7.739],[-35.665,-7.738],[-35.666,-7.737],[-35.666,-7.736],[-35.67,-7.729],[-35.674,-7.723],[-35.674,-7.722],[-35.675,-7.718],[-35.676,-7.718],[-35.677,-7.712],[-35.679,-7.712],[-35.68,-7.711],[-35.681,-7.71],[-35.681,-7.709],[-35.68,-7.702],[-35.681,-7.7],[-35.675,-7.7],[-35.659,-7.697],[-35.657,-7.697],[-35.655,-7.697],[-35.645,-7.692],[-35.627,-7.675],[-35.622,-7.67],[-35.619,-7.664],[-35.615,-7.659],[-35.609,-7.653],[-35.597,-7.654],[-35.589,-7.65],[-35.573,-7.655],[-35.565,-7.656],[-35.56,-7.659],[-35.553,-7.658],[-35.548,-7.657],[-35.532,-7.654],[-35.527,-7.645],[-35.527,-7.652]]]}},{"type":"Feature","properties":{"id":"2609808","name":"Orocó"},"geometry":{"type":"Polygon","coordinates":[[[-39.591,-8.648],[-39.61,-8.657],[-39.622,-8.655],[-39.646,-8.659],[-39.645,-8.642],[-39.645,-8.616],[-39.645,-8.602],[-39.643,-8.519],[-39.635,-8.514],[-39.631,-8.503],[-39.642,-8.497],[-39.65,-8.496],[-39.654,-8.478],[-39.663,-8.461],[-39.67,-8.46],[-39.672,-8.456],[-39.674,-8.449],[-39.67,-8.441],[-39.673,-8.427],[-39.664,-8.419],[-39.674,-8.409],[-39.668,-8.396],[-39.67,-8.385],[-39.679,-8.381],[-39.684,-8.37],[-39.684,-8.352],[-39.679,-8.347],[-39.569,-8.249],[-39.54,-8.337],[-39.543,-8.35],[-39.556,-8.363],[-39.553,-8.369],[-39.559,-8.386],[-39.555,-8.391],[-39.555,-8.4],[-39.563,-8.403],[-39.565,-8.414],[-39.559,-8.426],[-39.561,-8.435],[-39.553,-8.439],[-39.551,-8.444],[-39.547,-8.456],[-39.549,-8.466],[-39.545,-8.473],[-39.541,-8.473],[-39.514,-8.514],[-39.501,-8.518],[-39.497,-8.524],[-39.496,-8.524],[-39.477,-8.534],[-39.477,-8.559],[-39.477,-8.579],[-39.477,-8.581],[-39.476,-8.592],[-39.515,-8.602],[-39.529,-8.612],[-39.555,-8.622],[-39.557,-8.628],[-39.564,-8.63],[-39.569,-8.637],[-39.591,-8.648]]]}},{"type":"Feature","properties":{"id":"2609907","name":"Ouricuri"},"geometry":{"type":"Polygon","coordinates":[[[-40.176,-7.696],[-40.162,-7.702],[-40.104,-7.687],[-40.1,-7.71],[-40.095,-7.736],[-40.089,-7.778],[-40.082,-7.794],[-40.078,-7.797],[-40.075,-7.796],[-40.069,-7.802],[-40.054,-7.805],[-40.032,-7.795],[-40.011,-7.792],[-40.003,-7.8],[-39.984,-7.804],[-39.976,-7.806],[-39.96,-7.815],[-39.945,-7.818],[-39.936,-7.825],[-39.938,-7.832],[-39.932,-7.836],[-39.933,-7.845],[-39.928,-7.853],[-39.933,-7.861],[-39.933,-7.869],[-39.935,-7.869],[-39.934,-7.874],[-39.939,-7.886],[-39.936,-7.889],[-39.943,-7.894],[-39.929,-7.905],[-39.932,-7.906],[-39.933,-7.913],[-39.914,-7.934],[-39.91,-7.94],[-39.91,-7.953],[-39.903,-7.977],[-39.9,-7.978],[-39.897,-7.974],[-39.888,-7.99],[-39.882,-7.99],[-39.879,-7.998],[-39.875,-8.0],[-39.874,-8.011],[-39.862,-8.016],[-39.853,-8.028],[-39.854,-8.029],[-39.94,-8.137],[-39.943,-8.144],[-39.94,-8.15],[-39.941,-8.16],[-39.931,-8.175],[-39.933,-8.185],[-39.929,-8.186],[-39.929,-8.191],[-39.923,-8.193],[-39.921,-8.198],[-39.916,-8.194],[-39.912,-8.211],[-39.905,-8.213],[-39.905,-8.217],[-39.913,-8.216],[-39.915,-8.221],[-39.92,-8.22],[-39.924,-8.214],[-39.933,-8.222],[-39.939,-8.22],[-39.941,-8.223],[-39.95,-8.222],[-39.956,-8.226],[-39.965,-8.215],[-39.97,-8.217],[-39.973,-8.218],[-39.982,-8.205],[-39.987,-8.208],[-39.995,-8.203],[-39.993,-8.194],[-40.004,-8.192],[-40.004,-8.182],[-39.998,-8.177],[-40.007,-8.17],[-40.015,-8.172],[-40.018,-8.168],[-40.029,-8.165],[-40.034,-8.17],[-40.043,-8.167],[-40.049,-8.171],[-40.052,-8.171],[-40.069,-8.167],[-40.076,-8.156],[-40.078,-8.152],[-40.091,-8.15],[-40.104,-8.156],[-40.128,-8.153],[-40.135,-8.159],[-40.152,-8.16],[-40.176,-8.177],[-40.189,-8.151],[-40.195,-8.196],[-40.229,-8.196],[-40.234,-8.169],[-40.238,-8.161],[-40.253,-8.155],[-40.257,-8.142],[-40.25,-8.129],[-40.242,-8.127],[-40.24,-8.119],[-40.23,-8.108],[-40.222,-8.088],[-40.216,-8.083],[-40.219,-8.08],[-40.219,-8.079],[-40.223,-8.074],[-40.227,-8.077],[-40.235,-8.074],[-40.243,-8.077],[-40.259,-8.056],[-40.271,-8.064],[-40.289,-8.067],[-40.303,-8.061],[-40.317,-8.057],[-40.327,-8.067],[-40.334,-8.066],[-40.333,-8.064],[-40.338,-8.066],[-40.345,-8.071],[-40.354,-8.087],[-40.368,-8.084],[-40.375,-8.079],[-40.374,-8.075],[-40.381,-8.074],[-40.388,-8.079],[-40.393,-8.077],[-40.398,-8.083],[-40.417,-8.08],[-40.428,-8.069],[-40.429,-8.066],[-40.43,-8.053],[-40.425,-8.045],[-40.427,-8.035],[-40.434,-8.031],[-40.474,-8.031],[-40.522,-8.031],[-40.575,-8.03],[-40.543,-7.958],[-40.545,-7.947],[-40.527,-7.943],[-40.512,-7.923],[-40.48,-7.913],[-40.478,-7.908],[-40.471,-7.905],[-40.464,-7.904],[-40.466,-7.898],[-40.454,-7.889],[-40.455,-7.884],[-40.453,-7.876],[-40.427,-7.871],[-40.345,-7.848],[-40.344,-7.848],[-40.339,-7.847],[-40.327,-7.843],[-40.237,-7.818],[-40.244,-7.778],[-40.252,-7.739],[-40.258,-7.707],[-40.262,-7.687],[-40.212,-7.677],[-40.201,-7.683],[-40.188,-7.689],[-40.176,-7.696]]]}},{"type":"Feature","properties":{"id":"2610004","name":"Palmares"},"geometry":{"type":"Polygon","coordinates":[[[-35.587,-8.517],[-35.585,-8.53],[-35.573,-8.616],[-35.571,-8.629],[-35.561,-8.638],[-35.556,-8.642],[-35.55,-8.643],[-35.544,-8.643],[-35.543,-8.644],[-35.544,-8.657],[-35.537,-8.658],[-35.564,-8.683],[-35.561,-8.702],[-35.557,-8.717],[-35.603,-8.742],[-35.599,-8.752],[-35.6,-8.759],[-35.609,-8.763],[-35.606,-8.775],[-35.622,-8.779],[-35.626,-8.78],[-35.646,-8.784],[-35.721,-8.801],[-35.679,-8.756],[-35.673,-8.75],[-35.665,-8.741],[-35.642,-8.729],[-35.641,-8.729],[-35.666,-8.728],[-35.707,-8.73],[-35.684,-8.693],[-35.668,-8.669],[-35.674,-8.662],[-35.689,-8.641],[-35.695,-8.632],[-35.687,-8.625],[-35.675,-8.604],[-35.669,-8.598],[-35.693,-8.597],[-35.688,-8.596],[-35.694,-8.591],[-35.693,-8.59],[-35.693,-8.589],[-35.693,-8.588],[-35.692,-8.588],[-35.691,-8.586],[-35.693,-8.583],[-35.695,-8.58],[-35.697,-8.578],[-35.698,-8.576],[-35.699,-8.573],[-35.7,-8.572],[-35.7,-8.571],[-35.7,-8.57],[-35.7,-8.569],[-35.7,-8.564],[-35.7,-8.563],[-35.701,-8.562],[-35.7,-8.561],[-35.699,-8.561],[-35.699,-8.553],[-35.7,-8.552],[-35.699,-8.551],[-35.698,-8.547],[-35.695,-8.546],[-35.665,-8.54],[-35.652,-8.537],[-35.641,-8.535],[-35.641,-8.536],[-35.641,-8.548],[-35.641,-8.551],[-35.638,-8.556],[-35.638,-8.554],[-35.637,-8.551],[-35.635,-8.55],[-35.634,-8.55],[-35.633,-8.55],[-35.63,-8.547],[-35.629,-8.547],[-35.625,-8.544],[-35.622,-8.541],[-35.62,-8.54],[-35.618,-8.54],[-35.617,-8.539],[-35.617,-8.537],[-35.616,-8.536],[-35.614,-8.531],[-35.615,-8.53],[-35.614,-8.529],[-35.608,-8.529],[-35.607,-8.528],[-35.606,-8.525],[-35.605,-8.525],[-35.603,-8.524],[-35.599,-8.521],[-35.596,-8.519],[-35.594,-8.518],[-35.591,-8.518],[-35.588,-8.517],[-35.587,-8.517]]]}},{"type":"Feature","properties":{"id":"2610103","name":"Palmeirina"},"geometry":{"type":"Polygon","coordinates":[[[-36.233,-8.933],[-36.246,-8.995],[-36.244,-9.0],[-36.219,-9.003],[-36.218,-9.023],[-36.197,-9.021],[-36.195,-9.019],[-36.195,-9.023],[-36.19,-9.022],[-36.187,-9.027],[-36.182,-9.021],[-36.179,-9.024],[-36.174,-9.021],[-36.169,-9.029],[-36.16,-9.028],[-36.155,-9.032],[-36.13,-9.026],[-36.111,-9.017],[-36.12,-9.027],[-36.127,-9.033],[-36.139,-9.036],[-36.142,-9.04],[-36.151,-9.042],[-36.154,-9.04],[-36.164,-9.04],[-36.175,-9.044],[-36.179,-9.041],[-36.189,-9.046],[-36.195,-9.044],[-36.199,-9.048],[-36.235,-9.046],[-36.273,-9.044],[-36.289,-9.049],[-36.321,-9.049],[-36.334,-9.051],[-36.342,-9.046],[-36.351,-9.043],[-36.36,-9.025],[-36.366,-9.018],[-36.377,-8.989],[-36.369,-8.991],[-36.36,-8.988],[-36.343,-8.985],[-36.34,-8.98],[-36.316,-8.968],[-36.31,-8.964],[-36.306,-8.953],[-36.29,-8.952],[-36.258,-8.952],[-36.235,-8.934],[-36.233,-8.933]]]}},{"type":"Feature","properties":{"id":"2610202","name":"Panelas"},"geometry":{"type":"Polygon","coordinates":[[[-35.997,-8.546],[-35.991,-8.59],[-35.987,-8.616],[-35.983,-8.617],[-35.967,-8.623],[-35.948,-8.629],[-35.952,-8.636],[-35.954,-8.639],[-35.973,-8.671],[-35.974,-8.679],[-35.972,-8.709],[-35.977,-8.712],[-35.979,-8.725],[-35.973,-8.735],[-35.973,-8.744],[-35.967,-8.744],[-35.964,-8.735],[-35.966,-8.75],[-35.967,-8.764],[-35.982,-8.776],[-35.986,-8.781],[-36.004,-8.779],[-36.024,-8.777],[-36.027,-8.776],[-36.028,-8.779],[-36.025,-8.79],[-36.04,-8.763],[-36.045,-8.76],[-36.054,-8.756],[-36.075,-8.77],[-36.075,-8.767],[-36.076,-8.731],[-36.088,-8.734],[-36.094,-8.731],[-36.076,-8.72],[-36.087,-8.719],[-36.124,-8.715],[-36.13,-8.709],[-36.131,-8.709],[-36.132,-8.708],[-36.181,-8.664],[-36.17,-8.65],[-36.163,-8.641],[-36.155,-8.631],[-36.137,-8.62],[-36.129,-8.609],[-36.125,-8.611],[-36.118,-8.607],[-36.108,-8.6],[-36.106,-8.603],[-36.101,-8.601],[-36.095,-8.591],[-36.088,-8.593],[-36.078,-8.58],[-36.065,-8.576],[-36.058,-8.575],[-36.029,-8.561],[-36.021,-8.556],[-36.014,-8.555],[-36.014,-8.55],[-36.01,-8.547],[-36.013,-8.544],[-36.002,-8.534],[-36.0,-8.533],[-36.0,-8.546],[-35.997,-8.546]]]}},{"type":"Feature","properties":{"id":"2610301","name":"Paranatama"},"geometry":{"type":"Polygon","coordinates":[[[-36.671,-8.854],[-36.666,-8.867],[-36.651,-8.866],[-36.634,-8.883],[-36.612,-8.906],[-36.61,-8.908],[-36.605,-8.911],[-36.606,-8.921],[-36.613,-8.922],[-36.614,-8.925],[-36.612,-8.928],[-36.609,-8.926],[-36.605,-8.934],[-36.607,-8.941],[-36.623,-8.945],[-36.629,-8.951],[-36.631,-8.956],[-36.635,-8.944],[-36.645,-8.936],[-36.661,-8.934],[-36.681,-8.937],[-36.708,-8.94],[-36.712,-8.948],[-36.713,-8.951],[-36.724,-8.952],[-36.729,-8.954],[-36.76,-8.938],[-36.833,-8.903],[-36.864,-8.888],[-36.864,-8.882],[-36.837,-8.881],[-36.795,-8.868],[-36.787,-8.858],[-36.788,-8.853],[-36.797,-8.848],[-36.808,-8.848],[-36.809,-8.841],[-36.818,-8.837],[-36.787,-8.835],[-36.765,-8.834],[-36.726,-8.832],[-36.708,-8.832],[-36.685,-8.832],[-36.679,-8.832],[-36.667,-8.832],[-36.665,-8.839],[-36.671,-8.854]]]}},{"type":"Feature","properties":{"id":"2610400","name":"Parnamirim"},"geometry":{"type":"Polygon","coordinates":[[[-39.565,-7.973],[-39.569,-7.988],[-39.559,-7.985],[-39.453,-7.951],[-39.461,-7.961],[-39.464,-7.976],[-39.485,-8.0],[-39.486,-8.006],[-39.48,-8.027],[-39.482,-8.036],[-39.482,-8.04],[-39.467,-8.056],[-39.46,-8.056],[-39.453,-8.061],[-39.439,-8.059],[-39.366,-8.05],[-39.381,-8.067],[-39.387,-8.068],[-39.391,-8.075],[-39.398,-8.074],[-39.399,-8.087],[-39.406,-8.099],[-39.409,-8.103],[-39.407,-8.109],[-39.413,-8.111],[-39.413,-8.119],[-39.431,-8.12],[-39.431,-8.126],[-39.425,-8.135],[-39.429,-8.142],[-39.426,-8.145],[-39.425,-8.149],[-39.435,-8.15],[-39.446,-8.14],[-39.452,-8.144],[-39.467,-8.138],[-39.484,-8.148],[-39.546,-8.196],[-39.542,-8.206],[-39.524,-8.216],[-39.513,-8.213],[-39.5,-8.218],[-39.496,-8.212],[-39.492,-8.217],[-39.483,-8.219],[-39.482,-8.222],[-39.47,-8.219],[-39.461,-8.234],[-39.464,-8.238],[-39.468,-8.236],[-39.486,-8.245],[-39.498,-8.248],[-39.509,-8.24],[-39.516,-8.238],[-39.525,-8.242],[-39.54,-8.238],[-39.544,-8.245],[-39.553,-8.244],[-39.569,-8.249],[-39.679,-8.347],[-39.684,-8.352],[-39.684,-8.37],[-39.679,-8.381],[-39.67,-8.385],[-39.668,-8.396],[-39.674,-8.409],[-39.664,-8.419],[-39.673,-8.427],[-39.67,-8.441],[-39.674,-8.449],[-39.672,-8.456],[-39.678,-8.451],[-39.679,-8.439],[-39.688,-8.428],[-39.702,-8.415],[-39.713,-8.409],[-39.71,-8.4],[-39.722,-8.392],[-39.726,-8.377],[-39.742,-8.376],[-39.748,-8.345],[-39.756,-8.345],[-39.762,-8.353],[-39.766,-8.353],[-39.773,-8.34],[-39.782,-8.34],[-39.787,-8.332],[-39.799,-8.335],[-39.809,-8.329],[-39.824,-8.332],[-39.834,-8.329],[-39.851,-8.335],[-39.861,-8.349],[-39.873,-8.359],[-39.881,-8.36],[-39.896,-8.373],[-39.925,-8.368],[-39.925,-8.367],[-39.94,-8.364],[-39.957,-8.377],[-39.964,-8.377],[-40.003,-8.354],[-40.012,-8.357],[-40.022,-8.373],[-40.029,-8.374],[-40.043,-8.364],[-40.056,-8.365],[-40.064,-8.37],[-40.082,-8.371],[-40.091,-8.365],[-40.09,-8.357],[-40.095,-8.349],[-40.108,-8.348],[-40.111,-8.343],[-40.087,-8.337],[-40.131,-8.305],[-40.15,-8.292],[-40.2,-8.256],[-40.195,-8.196],[-40.189,-8.151],[-40.176,-8.177],[-40.152,-8.16],[-40.135,-8.159],[-40.128,-8.153],[-40.104,-8.156],[-40.091,-8.15],[-40.078,-8.152],[-40.076,-8.156],[-40.069,-8.167],[-40.052,-8.171],[-40.049,-8.171],[-40.043,-8.167],[-40.034,-8.17],[-40.029,-8.165],[-40.018,-8.168],[-40.015,-8.172],[-40.007,-8.17],[-39.998,-8.177],[-40.004,-8.182],[-40.004,-8.192],[-39.993,-8.194],[-39.995,-8.203],[-39.987,-8.208],[-39.982,-8.205],[-39.973,-8.218],[-39.97,-8.217],[-39.965,-8.215],[-39.956,-8.226],[-39.95,-8.222],[-39.941,-8.223],[-39.939,-8.22],[-39.933,-8.222],[-39.924,-8.214],[-39.92,-8.22],[-39.915,-8.221],[-39.913,-8.216],[-39.905,-8.217],[-39.905,-8.213],[-39.912,-8.211],[-39.916,-8.194],[-39.921,-8.198],[-39.923,-8.193],[-39.929,-8.191],[-39.929,-8.186],[-39.933,-8.185],[-39.931,-8.175],[-39.941,-8.16],[-39.94,-8.15],[-39.943,-8.144],[-39.94,-8.137],[-39.854,-8.029],[-39.853,-8.028],[-39.823,-7.989],[-39.797,-7.956],[-39.762,-7.912],[-39.695,-7.897],[-39.626,-7.882],[-39.573,-7.87],[-39.565,-7.876],[-39.572,-7.88],[-39.571,-7.895],[-39.566,-7.902],[-39.56,-7.903],[-39.557,-7.911],[-39.558,-7.925],[-39.577,-7.936],[-39.566,-7.95],[-39.571,-7.955],[-39.568,-7.963],[-39.571,-7.968],[-39.565,-7.973]]]}},{"type":"Feature","properties":{"id":"2610509","name":"Passira"},"geometry":{"type":"Polygon","coordinates":[[[-35.499,-7.92],[-35.471,-7.939],[-35.442,-7.961],[-35.442,-7.962],[-35.444,-7.965],[-35.444,-7.966],[-35.445,-7.967],[-35.449,-7.973],[-35.45,-7.973],[-35.45,-7.974],[-35.451,-7.975],[-35.454,-7.982],[-35.457,-7.989],[-35.455,-7.994],[-35.461,-8.0],[-35.46,-8.013],[-35.465,-8.022],[-35.465,-8.031],[-35.44,-8.039],[-35.429,-8.081],[-35.439,-8.08],[-35.457,-8.089],[-35.462,-8.093],[-35.508,-8.059],[-35.552,-8.071],[-35.557,-8.072],[-35.583,-8.078],[-35.584,-8.078],[-35.624,-8.101],[-35.63,-8.104],[-35.649,-8.105],[-35.65,-8.088],[-35.65,-8.073],[-35.654,-8.066],[-35.664,-8.047],[-35.658,-8.05],[-35.651,-8.043],[-35.638,-8.041],[-35.638,-8.033],[-35.633,-8.024],[-35.63,-8.024],[-35.621,-8.017],[-35.613,-8.021],[-35.609,-8.013],[-35.611,-8.01],[-35.611,-8.009],[-35.624,-7.989],[-35.628,-7.984],[-35.63,-7.98],[-35.633,-7.976],[-35.654,-7.944],[-35.642,-7.938],[-35.637,-7.942],[-35.629,-7.941],[-35.619,-7.944],[-35.612,-7.936],[-35.6,-7.935],[-35.583,-7.943],[-35.582,-7.945],[-35.581,-7.946],[-35.559,-7.94],[-35.55,-7.945],[-35.549,-7.945],[-35.544,-7.946],[-35.538,-7.946],[-35.535,-7.938],[-35.535,-7.937],[-35.534,-7.934],[-35.533,-7.932],[-35.531,-7.93],[-35.529,-7.93],[-35.528,-7.931],[-35.525,-7.931],[-35.524,-7.932],[-35.522,-7.933],[-35.521,-7.934],[-35.519,-7.936],[-35.514,-7.938],[-35.511,-7.933],[-35.511,-7.932],[-35.509,-7.93],[-35.507,-7.927],[-35.506,-7.926],[-35.504,-7.925],[-35.503,-7.923],[-35.5,-7.919],[-35.499,-7.92]]]}},{"type":"Feature","properties":{"id":"2610608","name":"Paudalho"},"geometry":{"type":"Polygon","coordinates":[[[-35.14,-7.794],[-35.123,-7.85],[-35.112,-7.857],[-35.098,-7.883],[-35.074,-7.899],[-35.066,-7.898],[-35.065,-7.899],[-35.064,-7.9],[-35.062,-7.904],[-35.046,-7.91],[-35.032,-7.927],[-35.027,-7.934],[-35.035,-7.941],[-35.045,-7.95],[-35.051,-7.945],[-35.076,-7.95],[-35.077,-7.96],[-35.087,-7.965],[-35.098,-7.972],[-35.112,-7.969],[-35.117,-7.974],[-35.13,-7.975],[-35.141,-7.972],[-35.156,-7.971],[-35.158,-7.974],[-35.164,-7.971],[-35.166,-7.978],[-35.173,-7.971],[-35.18,-7.977],[-35.206,-7.965],[-35.217,-7.961],[-35.23,-7.956],[-35.254,-7.946],[-35.254,-7.915],[-35.25,-7.898],[-35.241,-7.888],[-35.221,-7.89],[-35.226,-7.821],[-35.224,-7.821],[-35.146,-7.826],[-35.14,-7.794]]]}},{"type":"Feature","properties":{"id":"2610707","name":"Paulista"},"geometry":{"type":"Polygon","coordinates":[[[-34.824,-7.907],[-34.819,-7.917],[-34.828,-7.958],[-34.838,-7.961],[-34.853,-7.954],[-34.856,-7.968],[-34.853,-7.968],[-34.864,-7.974],[-34.868,-7.966],[-34.873,-7.968],[-34.871,-7.977],[-34.876,-7.981],[-34.88,-7.973],[-34.892,-7.975],[-34.895,-7.975],[-34.914,-7.978],[-34.909,-7.944],[-34.915,-7.936],[-34.924,-7.934],[-34.93,-7.936],[-34.945,-7.93],[-34.969,-7.942],[-34.977,-7.94],[-34.981,-7.942],[-34.988,-7.941],[-35.0,-7.93],[-35.004,-7.926],[-35.014,-7.925],[-35.02,-7.932],[-35.027,-7.934],[-35.032,-7.927],[-35.025,-7.925],[-35.024,-7.919],[-35.02,-7.916],[-34.986,-7.92],[-34.962,-7.915],[-34.957,-7.92],[-34.949,-7.92],[-34.94,-7.925],[-34.923,-7.93],[-34.915,-7.927],[-34.912,-7.934],[-34.908,-7.936],[-34.899,-7.929],[-34.896,-7.924],[-34.897,-7.918],[-34.891,-7.912],[-34.884,-7.914],[-34.87,-7.91],[-34.861,-7.909],[-34.863,-7.904],[-34.861,-7.897],[-34.865,-7.896],[-34.866,-7.891],[-34.862,-7.889],[-34.855,-7.871],[-34.841,-7.863],[-34.841,-7.851],[-34.84,-7.844],[-34.836,-7.844],[-34.833,-7.873],[-34.824,-7.887],[-34.824,-7.907]]]}},{"type":"Feature","properties":{"id":"2610806","name":"Pedra"},"geometry":{"type":"Polygon","coordinates":[[[-36.988,-8.417],[-36.993,-8.433],[-36.983,-8.452],[-36.985,-8.47],[-36.978,-8.479],[-36.962,-8.459],[-36.964,-8.447],[-36.958,-8.446],[-36.949,-8.447],[-36.945,-8.445],[-36.934,-8.449],[-36.931,-8.459],[-36.923,-8.464],[-36.917,-8.46],[-36.916,-8.451],[-36.905,-8.446],[-36.901,-8.439],[-36.882,-8.436],[-36.88,-8.452],[-36.879,-8.455],[-36.872,-8.457],[-36.859,-8.452],[-36.85,-8.439],[-36.821,-8.417],[-36.822,-8.422],[-36.832,-8.443],[-36.839,-8.447],[-36.841,-8.46],[-36.848,-8.465],[-36.848,-8.47],[-36.849,-8.481],[-36.855,-8.493],[-36.859,-8.5],[-36.857,-8.51],[-36.862,-8.512],[-36.875,-8.541],[-36.881,-8.542],[-36.888,-8.555],[-36.896,-8.556],[-36.905,-8.569],[-36.899,-8.576],[-36.903,-8.59],[-36.911,-8.599],[-36.912,-8.612],[-36.87,-8.642],[-36.841,-8.664],[-36.821,-8.685],[-36.816,-8.689],[-36.786,-8.706],[-36.782,-8.733],[-36.77,-8.74],[-36.769,-8.744],[-36.766,-8.749],[-36.769,-8.756],[-36.776,-8.759],[-36.779,-8.766],[-36.794,-8.767],[-36.799,-8.789],[-36.812,-8.8],[-36.82,-8.802],[-36.82,-8.81],[-36.819,-8.814],[-36.818,-8.837],[-36.809,-8.841],[-36.808,-8.848],[-36.797,-8.848],[-36.788,-8.853],[-36.787,-8.858],[-36.795,-8.868],[-36.837,-8.881],[-36.864,-8.882],[-36.864,-8.888],[-36.865,-8.888],[-36.874,-8.885],[-36.877,-8.892],[-36.885,-8.895],[-36.896,-8.897],[-36.901,-8.909],[-36.921,-8.901],[-36.941,-8.897],[-36.951,-8.898],[-36.954,-8.901],[-36.974,-8.895],[-36.988,-8.897],[-36.993,-8.896],[-36.992,-8.894],[-36.983,-8.815],[-36.97,-8.711],[-36.971,-8.709],[-36.971,-8.708],[-36.982,-8.608],[-36.987,-8.566],[-36.988,-8.557],[-36.994,-8.554],[-36.996,-8.545],[-37.001,-8.541],[-37.022,-8.544],[-37.024,-8.542],[-37.025,-8.542],[-37.033,-8.538],[-37.047,-8.542],[-37.068,-8.534],[-37.004,-8.514],[-36.994,-8.5],[-36.999,-8.499],[-37.027,-8.492],[-37.041,-8.464],[-37.063,-8.431],[-37.048,-8.426],[-37.032,-8.427],[-37.026,-8.42],[-36.988,-8.417]]]}},{"type":"Feature","properties":{"id":"2610905","name":"Pesqueira"},"geometry":{"type":"Polygon","coordinates":[[[-36.816,-8.243],[-36.817,-8.246],[-36.792,-8.244],[-36.765,-8.242],[-36.758,-8.239],[-36.725,-8.239],[-36.715,-8.238],[-36.698,-8.238],[-36.689,-8.243],[-36.677,-8.253],[-36.661,-8.249],[-36.657,-8.251],[-36.656,-8.26],[-36.647,-8.263],[-36.638,-8.282],[-36.683,-8.265],[-36.686,-8.27],[-36.691,-8.258],[-36.699,-8.263],[-36.726,-8.258],[-36.724,-8.265],[-36.713,-8.271],[-36.678,-8.273],[-36.67,-8.279],[-36.658,-8.282],[-36.655,-8.283],[-36.634,-8.285],[-36.636,-8.283],[-36.64,-8.277],[-36.632,-8.263],[-36.606,-8.212],[-36.56,-8.283],[-36.591,-8.305],[-36.608,-8.319],[-36.63,-8.345],[-36.629,-8.345],[-36.619,-8.37],[-36.601,-8.418],[-36.59,-8.445],[-36.583,-8.462],[-36.582,-8.464],[-36.563,-8.48],[-36.542,-8.499],[-36.555,-8.509],[-36.61,-8.549],[-36.614,-8.557],[-36.634,-8.573],[-36.635,-8.574],[-36.661,-8.594],[-36.668,-8.61],[-36.676,-8.614],[-36.686,-8.629],[-36.678,-8.647],[-36.676,-8.66],[-36.68,-8.667],[-36.69,-8.67],[-36.725,-8.648],[-36.722,-8.638],[-36.724,-8.632],[-36.73,-8.629],[-36.731,-8.625],[-36.727,-8.62],[-36.73,-8.605],[-36.755,-8.601],[-36.739,-8.569],[-36.731,-8.567],[-36.726,-8.559],[-36.725,-8.547],[-36.721,-8.541],[-36.719,-8.539],[-36.713,-8.533],[-36.695,-8.525],[-36.688,-8.528],[-36.69,-8.52],[-36.697,-8.486],[-36.7,-8.421],[-36.738,-8.422],[-36.768,-8.422],[-36.784,-8.423],[-36.805,-8.452],[-36.821,-8.417],[-36.85,-8.439],[-36.859,-8.452],[-36.872,-8.457],[-36.879,-8.455],[-36.88,-8.452],[-36.882,-8.436],[-36.901,-8.439],[-36.921,-8.43],[-36.935,-8.414],[-36.948,-8.396],[-36.945,-8.373],[-36.941,-8.364],[-36.924,-8.328],[-36.909,-8.295],[-36.908,-8.253],[-36.896,-8.24],[-36.879,-8.235],[-36.861,-8.222],[-36.812,-8.205],[-36.805,-8.195],[-36.795,-8.189],[-36.787,-8.189],[-36.794,-8.195],[-36.801,-8.201],[-36.8,-8.208],[-36.816,-8.234],[-36.818,-8.241],[-36.816,-8.243]]]}},{"type":"Feature","properties":{"id":"2611002","name":"Petrolândia"},"geometry":{"type":"Polygon","coordinates":[[[-38.505,-8.602],[-38.507,-8.623],[-38.514,-8.624],[-38.526,-8.618],[-38.532,-8.623],[-38.547,-8.626],[-38.554,-8.633],[-38.535,-8.675],[-38.507,-8.699],[-38.358,-8.779],[-38.348,-8.784],[-38.339,-8.778],[-38.328,-8.781],[-38.324,-8.778],[-38.325,-8.772],[-38.307,-8.761],[-38.305,-8.754],[-38.295,-8.76],[-38.289,-8.76],[-38.283,-8.753],[-38.274,-8.755],[-38.265,-8.752],[-38.267,-8.736],[-38.261,-8.732],[-38.265,-8.723],[-38.263,-8.72],[-38.26,-8.707],[-38.253,-8.705],[-38.248,-8.697],[-38.232,-8.688],[-38.209,-8.687],[-38.19,-8.677],[-38.173,-8.686],[-38.158,-8.69],[-38.155,-8.695],[-38.141,-8.697],[-38.137,-8.692],[-38.131,-8.691],[-38.1,-8.696],[-38.094,-8.689],[-38.084,-8.686],[-38.082,-8.681],[-38.073,-8.68],[-38.065,-8.684],[-38.13,-8.749],[-38.236,-8.855],[-38.224,-8.865],[-38.214,-8.887],[-38.215,-8.904],[-38.21,-8.919],[-38.211,-8.931],[-38.205,-8.95],[-38.212,-8.979],[-38.211,-8.997],[-38.207,-9.068],[-38.205,-9.104],[-38.218,-9.109],[-38.256,-9.125],[-38.313,-9.148],[-38.319,-9.138],[-38.321,-9.116],[-38.304,-9.096],[-38.32,-9.091],[-38.326,-9.078],[-38.321,-9.07],[-38.297,-9.055],[-38.29,-9.047],[-38.289,-9.04],[-38.296,-9.022],[-38.317,-9.001],[-38.32,-8.99],[-38.34,-8.99],[-38.356,-8.997],[-38.386,-9.024],[-38.403,-9.037],[-38.415,-9.038],[-38.449,-9.026],[-38.462,-9.017],[-38.503,-8.981],[-38.514,-8.96],[-38.519,-8.947],[-38.516,-8.933],[-38.502,-8.916],[-38.489,-8.911],[-38.479,-8.901],[-38.473,-8.889],[-38.469,-8.865],[-38.479,-8.85],[-38.506,-8.833],[-38.541,-8.823],[-38.533,-8.813],[-38.533,-8.797],[-38.55,-8.712],[-38.561,-8.706],[-38.565,-8.698],[-38.57,-8.7],[-38.574,-8.697],[-38.586,-8.699],[-38.597,-8.697],[-38.61,-8.698],[-38.614,-8.707],[-38.622,-8.707],[-38.631,-8.714],[-38.645,-8.715],[-38.641,-8.695],[-38.628,-8.682],[-38.623,-8.667],[-38.628,-8.66],[-38.627,-8.654],[-38.63,-8.637],[-38.639,-8.631],[-38.631,-8.629],[-38.629,-8.621],[-38.587,-8.607],[-38.565,-8.614],[-38.564,-8.608],[-38.505,-8.602]]]}},{"type":"Feature","properties":{"id":"2611101","name":"Petrolina"},"geometry":{"type":"Polygon","coordinates":[[[-40.587,-8.665],[-40.579,-8.667],[-40.534,-8.66],[-40.429,-8.644],[-40.419,-8.658],[-40.416,-8.668],[-40.406,-8.677],[-40.404,-8.687],[-40.393,-8.692],[-40.392,-8.71],[-40.397,-8.718],[-40.392,-8.728],[-40.398,-8.742],[-40.396,-8.749],[-40.402,-8.754],[-40.393,-8.773],[-40.397,-8.776],[-40.396,-8.789],[-40.4,-8.795],[-40.396,-8.803],[-40.386,-8.812],[-40.382,-8.811],[-40.37,-8.817],[-40.366,-8.82],[-40.365,-8.824],[-40.363,-8.833],[-40.359,-8.836],[-40.362,-8.853],[-40.344,-8.863],[-40.311,-8.862],[-40.305,-8.869],[-40.298,-8.87],[-40.296,-8.879],[-40.273,-8.901],[-40.275,-8.91],[-40.272,-8.929],[-40.284,-8.934],[-40.29,-8.94],[-40.297,-8.938],[-40.305,-8.954],[-40.293,-8.971],[-40.299,-8.986],[-40.296,-8.995],[-40.283,-9.008],[-40.279,-9.007],[-40.272,-9.003],[-40.271,-9.002],[-40.269,-8.996],[-40.26,-8.99],[-40.242,-9.001],[-40.232,-9.017],[-40.232,-9.031],[-40.222,-9.038],[-40.22,-9.048],[-40.209,-9.055],[-40.208,-9.061],[-40.208,-9.063],[-40.231,-9.054],[-40.239,-9.054],[-40.255,-9.063],[-40.27,-9.079],[-40.278,-9.094],[-40.288,-9.127],[-40.294,-9.152],[-40.285,-9.181],[-40.29,-9.195],[-40.3,-9.231],[-40.305,-9.26],[-40.309,-9.275],[-40.319,-9.287],[-40.332,-9.317],[-40.336,-9.327],[-40.335,-9.353],[-40.356,-9.377],[-40.371,-9.378],[-40.391,-9.372],[-40.411,-9.354],[-40.421,-9.352],[-40.436,-9.362],[-40.455,-9.405],[-40.467,-9.42],[-40.477,-9.419],[-40.495,-9.409],[-40.506,-9.408],[-40.51,-9.407],[-40.529,-9.413],[-40.538,-9.42],[-40.541,-9.426],[-40.548,-9.449],[-40.565,-9.464],[-40.581,-9.467],[-40.595,-9.467],[-40.623,-9.482],[-40.653,-9.473],[-40.656,-9.472],[-40.681,-9.467],[-40.713,-9.45],[-40.722,-9.446],[-40.745,-9.443],[-40.776,-9.454],[-40.767,-9.445],[-40.759,-9.429],[-40.765,-9.413],[-40.745,-9.404],[-40.743,-9.398],[-40.742,-9.383],[-40.746,-9.371],[-40.738,-9.355],[-40.741,-9.346],[-40.737,-9.336],[-40.742,-9.327],[-40.755,-9.313],[-40.751,-9.308],[-40.744,-9.306],[-40.739,-9.296],[-40.72,-9.305],[-40.708,-9.296],[-40.707,-9.291],[-40.707,-9.285],[-40.687,-9.278],[-40.681,-9.263],[-40.68,-9.257],[-40.689,-9.257],[-40.686,-9.243],[-40.691,-9.234],[-40.694,-9.233],[-40.68,-9.212],[-40.68,-9.2],[-40.67,-9.188],[-40.672,-9.172],[-40.667,-9.159],[-40.677,-9.151],[-40.685,-9.137],[-40.706,-9.142],[-40.722,-9.133],[-40.732,-9.124],[-40.75,-9.117],[-40.757,-9.119],[-40.756,-9.105],[-40.763,-9.107],[-40.772,-9.101],[-40.777,-9.1],[-40.786,-9.105],[-40.789,-9.099],[-40.804,-9.098],[-40.812,-9.084],[-40.821,-9.079],[-40.819,-9.069],[-40.823,-9.062],[-40.825,-9.038],[-40.832,-9.031],[-40.832,-9.023],[-40.835,-9.008],[-40.846,-8.995],[-40.851,-8.985],[-40.851,-8.952],[-40.861,-8.948],[-40.866,-8.923],[-40.881,-8.915],[-40.883,-8.904],[-40.895,-8.889],[-40.896,-8.871],[-40.9,-8.867],[-40.902,-8.861],[-40.915,-8.849],[-40.921,-8.835],[-40.946,-8.845],[-40.959,-8.842],[-40.943,-8.82],[-40.944,-8.788],[-40.939,-8.778],[-40.93,-8.772],[-40.928,-8.768],[-40.924,-8.774],[-40.92,-8.772],[-40.911,-8.775],[-40.895,-8.759],[-40.893,-8.758],[-40.871,-8.736],[-40.857,-8.722],[-40.776,-8.642],[-40.77,-8.635],[-40.758,-8.623],[-40.694,-8.639],[-40.587,-8.665]]]}},{"type":"Feature","properties":{"id":"2611200","name":"Poção"},"geometry":{"type":"Polygon","coordinates":[[[-36.689,-8.137],[-36.667,-8.143],[-36.658,-8.141],[-36.647,-8.146],[-36.634,-8.158],[-36.627,-8.15],[-36.62,-8.152],[-36.612,-8.166],[-36.606,-8.212],[-36.632,-8.263],[-36.64,-8.277],[-36.636,-8.283],[-36.634,-8.285],[-36.655,-8.283],[-36.658,-8.282],[-36.67,-8.279],[-36.678,-8.273],[-36.713,-8.271],[-36.724,-8.265],[-36.726,-8.258],[-36.699,-8.263],[-36.691,-8.258],[-36.686,-8.27],[-36.683,-8.265],[-36.638,-8.282],[-36.647,-8.263],[-36.656,-8.26],[-36.657,-8.251],[-36.661,-8.249],[-36.677,-8.253],[-36.689,-8.243],[-36.698,-8.238],[-36.715,-8.238],[-36.725,-8.239],[-36.758,-8.239],[-36.765,-8.242],[-36.792,-8.244],[-36.817,-8.246],[-36.816,-8.243],[-36.818,-8.241],[-36.816,-8.234],[-36.8,-8.208],[-36.801,-8.201],[-36.794,-8.195],[-36.787,-8.189],[-36.775,-8.19],[-36.761,-8.196],[-36.753,-8.191],[-36.75,-8.175],[-36.742,-8.173],[-36.724,-8.172],[-36.722,-8.168],[-36.715,-8.167],[-36.725,-8.156],[-36.722,-8.151],[-36.708,-8.156],[-36.687,-8.155],[-36.694,-8.143],[-36.689,-8.137]]]}},{"type":"Feature","properties":{"id":"2611309","name":"Pombos"},"geometry":{"type":"Polygon","coordinates":[[[-35.35,-8.159],[-35.353,-8.181],[-35.353,-8.185],[-35.35,-8.201],[-35.35,-8.203],[-35.339,-8.279],[-35.365,-8.298],[-35.366,-8.299],[-35.37,-8.298],[-35.374,-8.288],[-35.365,-8.278],[-35.367,-8.274],[-35.373,-8.277],[-35.375,-8.275],[-35.377,-8.268],[-35.384,-8.266],[-35.387,-8.26],[-35.402,-8.257],[-35.414,-8.268],[-35.423,-8.266],[-35.426,-8.254],[-35.429,-8.253],[-35.434,-8.257],[-35.439,-8.252],[-35.438,-8.248],[-35.444,-8.242],[-35.442,-8.235],[-35.429,-8.217],[-35.446,-8.204],[-35.449,-8.201],[-35.456,-8.195],[-35.447,-8.191],[-35.442,-8.189],[-35.431,-8.182],[-35.43,-8.164],[-35.449,-8.169],[-35.447,-8.165],[-35.444,-8.152],[-35.439,-8.127],[-35.446,-8.123],[-35.447,-8.122],[-35.479,-8.104],[-35.462,-8.093],[-35.457,-8.089],[-35.439,-8.08],[-35.429,-8.081],[-35.396,-8.095],[-35.387,-8.099],[-35.362,-8.109],[-35.346,-8.116],[-35.344,-8.118],[-35.346,-8.132],[-35.348,-8.141],[-35.35,-8.158],[-35.35,-8.159]]]}},{"type":"Feature","properties":{"id":"2611408","name":"Primavera"},"geometry":{"type":"Polygon","coordinates":[[[-35.401,-8.429],[-35.404,-8.429],[-35.401,-8.425],[-35.401,-8.429]],[[-35.439,-8.252],[-35.434,-8.257],[-35.429,-8.253],[-35.426,-8.254],[-35.423,-8.266],[-35.414,-8.268],[-35.402,-8.257],[-35.387,-8.26],[-35.384,-8.266],[-35.377,-8.268],[-35.375,-8.275],[-35.373,-8.277],[-35.367,-8.274],[-35.365,-8.278],[-35.374,-8.288],[-35.37,-8.298],[-35.366,-8.299],[-35.36,-8.298],[-35.359,-8.3],[-35.354,-8.304],[-35.354,-8.318],[-35.354,-8.321],[-35.359,-8.347],[-35.348,-8.351],[-35.342,-8.364],[-35.353,-8.364],[-35.36,-8.368],[-35.362,-8.373],[-35.378,-8.375],[-35.395,-8.354],[-35.404,-8.343],[-35.433,-8.306],[-35.436,-8.302],[-35.448,-8.285],[-35.466,-8.261],[-35.46,-8.265],[-35.454,-8.254],[-35.45,-8.253],[-35.445,-8.25],[-35.439,-8.252]]]}},{"type":"Feature","properties":{"id":"2611507","name":"Quipapá"},"geometry":{"type":"Polygon","coordinates":[[[-35.966,-8.75],[-35.955,-8.818],[-35.955,-8.857],[-35.953,-8.87],[-35.95,-8.892],[-35.961,-8.894],[-35.965,-8.903],[-35.974,-8.901],[-35.984,-8.905],[-35.987,-8.903],[-36.005,-8.913],[-36.033,-8.908],[-36.061,-8.895],[-36.089,-8.872],[-36.089,-8.871],[-36.115,-8.85],[-36.116,-8.85],[-36.118,-8.848],[-36.125,-8.842],[-36.121,-8.836],[-36.115,-8.826],[-36.096,-8.787],[-36.093,-8.781],[-36.089,-8.776],[-36.075,-8.77],[-36.054,-8.756],[-36.045,-8.76],[-36.04,-8.763],[-36.025,-8.79],[-36.028,-8.779],[-36.027,-8.776],[-36.024,-8.777],[-36.004,-8.779],[-35.986,-8.781],[-35.982,-8.776],[-35.967,-8.764],[-35.966,-8.75]]]}},{"type":"Feature","properties":{"id":"2611533","name":"Quixaba"},"geometry":{"type":"Polygon","coordinates":[[[-37.768,-7.655],[-37.768,-7.656],[-37.767,-7.656],[-37.767,-7.657],[-37.769,-7.675],[-37.757,-7.689],[-37.782,-7.683],[-37.792,-7.727],[-37.798,-7.755],[-37.799,-7.755],[-37.847,-7.803],[-37.849,-7.8],[-37.864,-7.79],[-37.868,-7.787],[-37.874,-7.789],[-37.879,-7.781],[-37.882,-7.781],[-37.894,-7.781],[-37.908,-7.773],[-37.951,-7.771],[-37.958,-7.766],[-37.947,-7.756],[-37.944,-7.746],[-37.943,-7.741],[-37.922,-7.723],[-37.923,-7.716],[-37.921,-7.713],[-37.92,-7.713],[-37.917,-7.711],[-37.913,-7.709],[-37.894,-7.713],[-37.892,-7.711],[-37.903,-7.698],[-37.897,-7.69],[-37.88,-7.683],[-37.869,-7.667],[-37.857,-7.652],[-37.844,-7.647],[-37.808,-7.644],[-37.79,-7.626],[-37.781,-7.627],[-37.776,-7.634],[-37.776,-7.646],[-37.772,-7.648],[-37.768,-7.648],[-37.767,-7.655],[-37.768,-7.655]]]}},{"type":"Feature","properties":{"id":"2611606","name":"Recife"},"geometry":{"type":"Polygon","coordinates":[[[-34.988,-7.941],[-34.981,-7.942],[-34.977,-7.94],[-34.969,-7.942],[-34.945,-7.93],[-34.93,-7.936],[-34.924,-7.934],[-34.915,-7.936],[-34.909,-7.944],[-34.914,-7.978],[-34.917,-7.988],[-34.915,-7.99],[-34.901,-8.001],[-34.886,-8.006],[-34.88,-8.012],[-34.879,-8.018],[-34.873,-8.018],[-34.876,-8.033],[-34.863,-8.042],[-34.86,-8.044],[-34.859,-8.048],[-34.88,-8.09],[-34.912,-8.162],[-34.916,-8.144],[-34.923,-8.14],[-34.945,-8.137],[-34.948,-8.134],[-34.961,-8.119],[-34.964,-8.115],[-34.97,-8.089],[-34.974,-8.086],[-34.972,-8.079],[-34.977,-8.08],[-34.986,-8.075],[-34.996,-8.061],[-35.003,-8.064],[-35.015,-8.056],[-35.003,-8.052],[-34.994,-8.049],[-34.994,-8.042],[-34.997,-8.037],[-34.992,-8.031],[-34.984,-8.036],[-34.973,-8.025],[-34.966,-8.018],[-34.962,-8.018],[-34.965,-8.008],[-34.962,-7.993],[-34.964,-7.989],[-34.963,-7.974],[-34.98,-7.97],[-34.993,-7.962],[-35.002,-7.963],[-35.0,-7.949],[-35.009,-7.945],[-35.0,-7.93],[-34.988,-7.941]]]}},{"type":"Feature","properties":{"id":"2611705","name":"Riacho das Almas"},"geometry":{"type":"Polygon","coordinates":[[[-35.767,-7.975],[-35.764,-7.978],[-35.757,-7.975],[-35.758,-7.987],[-35.754,-7.989],[-35.76,-7.992],[-35.759,-7.996],[-35.765,-8.002],[-35.76,-8.006],[-35.76,-8.012],[-35.786,-8.015],[-35.788,-8.022],[-35.795,-8.027],[-35.796,-8.031],[-35.802,-8.028],[-35.803,-8.03],[-35.798,-8.036],[-35.799,-8.041],[-35.816,-8.056],[-35.826,-8.058],[-35.829,-8.055],[-35.833,-8.06],[-35.831,-8.064],[-35.839,-8.069],[-35.84,-8.071],[-35.834,-8.082],[-35.837,-8.098],[-35.83,-8.105],[-35.836,-8.109],[-35.835,-8.114],[-35.843,-8.124],[-35.842,-8.126],[-35.847,-8.137],[-35.844,-8.146],[-35.848,-8.147],[-35.847,-8.153],[-35.854,-8.162],[-35.867,-8.165],[-35.874,-8.162],[-35.887,-8.171],[-35.888,-8.172],[-35.894,-8.179],[-35.894,-8.196],[-35.891,-8.2],[-35.901,-8.195],[-35.916,-8.187],[-35.92,-8.2],[-35.922,-8.203],[-35.927,-8.2],[-35.938,-8.192],[-35.964,-8.174],[-35.976,-8.165],[-35.984,-8.145],[-35.974,-8.123],[-35.958,-8.091],[-35.943,-8.061],[-35.935,-8.044],[-35.926,-8.026],[-35.923,-8.02],[-35.918,-8.009],[-35.915,-8.004],[-35.914,-8.002],[-35.907,-8.005],[-35.9,-8.004],[-35.895,-8.001],[-35.888,-8.004],[-35.884,-8.003],[-35.885,-7.996],[-35.881,-7.991],[-35.871,-7.99],[-35.856,-7.995],[-35.849,-7.994],[-35.845,-7.986],[-35.839,-7.983],[-35.836,-7.982],[-35.808,-7.98],[-35.805,-7.973],[-35.788,-7.969],[-35.775,-7.969],[-35.767,-7.975]]]}},{"type":"Feature","properties":{"id":"2611804","name":"Ribeirão"},"geometry":{"type":"Polygon","coordinates":[[[-35.364,-8.395],[-35.348,-8.409],[-35.343,-8.41],[-35.346,-8.427],[-35.348,-8.437],[-35.346,-8.442],[-35.343,-8.445],[-35.339,-8.443],[-35.321,-8.426],[-35.318,-8.419],[-35.313,-8.419],[-35.315,-8.425],[-35.327,-8.451],[-35.314,-8.481],[-35.302,-8.489],[-35.29,-8.464],[-35.286,-8.469],[-35.274,-8.486],[-35.272,-8.487],[-35.269,-8.514],[-35.268,-8.529],[-35.278,-8.556],[-35.28,-8.56],[-35.268,-8.595],[-35.264,-8.63],[-35.286,-8.616],[-35.303,-8.596],[-35.333,-8.576],[-35.338,-8.565],[-35.357,-8.541],[-35.375,-8.55],[-35.383,-8.541],[-35.393,-8.558],[-35.399,-8.552],[-35.413,-8.548],[-35.431,-8.536],[-35.429,-8.53],[-35.432,-8.519],[-35.429,-8.508],[-35.46,-8.512],[-35.463,-8.513],[-35.467,-8.529],[-35.466,-8.541],[-35.471,-8.546],[-35.477,-8.539],[-35.479,-8.527],[-35.481,-8.525],[-35.484,-8.526],[-35.486,-8.521],[-35.49,-8.52],[-35.485,-8.508],[-35.487,-8.506],[-35.487,-8.502],[-35.486,-8.498],[-35.489,-8.494],[-35.498,-8.497],[-35.499,-8.497],[-35.5,-8.498],[-35.5,-8.493],[-35.501,-8.493],[-35.502,-8.493],[-35.501,-8.491],[-35.5,-8.49],[-35.5,-8.489],[-35.501,-8.488],[-35.502,-8.488],[-35.503,-8.487],[-35.503,-8.486],[-35.504,-8.486],[-35.504,-8.485],[-35.505,-8.485],[-35.505,-8.484],[-35.505,-8.482],[-35.502,-8.476],[-35.5,-8.476],[-35.471,-8.47],[-35.47,-8.469],[-35.468,-8.468],[-35.467,-8.468],[-35.465,-8.466],[-35.464,-8.466],[-35.453,-8.459],[-35.45,-8.458],[-35.446,-8.452],[-35.445,-8.451],[-35.46,-8.456],[-35.466,-8.453],[-35.464,-8.439],[-35.455,-8.432],[-35.447,-8.427],[-35.446,-8.422],[-35.455,-8.4],[-35.453,-8.385],[-35.445,-8.38],[-35.392,-8.409],[-35.373,-8.38],[-35.378,-8.375],[-35.362,-8.373],[-35.364,-8.395]],[[-35.401,-8.425],[-35.404,-8.429],[-35.401,-8.429],[-35.401,-8.425]]]}},{"type":"Feature","properties":{"id":"2611903","name":"Rio Formoso"},"geometry":{"type":"Polygon","coordinates":[[[-35.182,-8.585],[-35.14,-8.645],[-35.131,-8.644],[-35.128,-8.647],[-35.119,-8.661],[-35.116,-8.661],[-35.113,-8.677],[-35.11,-8.683],[-35.102,-8.686],[-35.104,-8.696],[-35.101,-8.708],[-35.095,-8.712],[-35.097,-8.721],[-35.096,-8.727],[-35.104,-8.73],[-35.104,-8.734],[-35.136,-8.74],[-35.14,-8.735],[-35.171,-8.724],[-35.179,-8.721],[-35.192,-8.716],[-35.249,-8.696],[-35.264,-8.701],[-35.265,-8.701],[-35.271,-8.703],[-35.325,-8.72],[-35.338,-8.723],[-35.341,-8.725],[-35.337,-8.722],[-35.34,-8.72],[-35.341,-8.71],[-35.357,-8.692],[-35.352,-8.672],[-35.348,-8.661],[-35.343,-8.652],[-35.331,-8.646],[-35.323,-8.634],[-35.307,-8.628],[-35.304,-8.628],[-35.302,-8.628],[-35.264,-8.63],[-35.259,-8.637],[-35.256,-8.641],[-35.247,-8.653],[-35.233,-8.653],[-35.228,-8.65],[-35.224,-8.652],[-35.215,-8.647],[-35.212,-8.649],[-35.201,-8.64],[-35.185,-8.606],[-35.182,-8.585]]]}},{"type":"Feature","properties":{"id":"2612000","name":"Sairé"},"geometry":{"type":"Polygon","coordinates":[[[-35.655,-8.203],[-35.653,-8.23],[-35.651,-8.252],[-35.65,-8.265],[-35.649,-8.278],[-35.625,-8.317],[-35.621,-8.324],[-35.613,-8.337],[-35.611,-8.341],[-35.613,-8.345],[-35.614,-8.346],[-35.628,-8.374],[-35.654,-8.377],[-35.696,-8.37],[-35.719,-8.388],[-35.723,-8.386],[-35.723,-8.384],[-35.722,-8.381],[-35.723,-8.381],[-35.724,-8.381],[-35.724,-8.38],[-35.723,-8.379],[-35.724,-8.378],[-35.722,-8.377],[-35.724,-8.376],[-35.725,-8.376],[-35.724,-8.375],[-35.733,-8.37],[-35.733,-8.368],[-35.733,-8.367],[-35.731,-8.362],[-35.732,-8.361],[-35.732,-8.36],[-35.735,-8.353],[-35.736,-8.351],[-35.736,-8.35],[-35.738,-8.343],[-35.739,-8.342],[-35.739,-8.34],[-35.738,-8.339],[-35.737,-8.337],[-35.735,-8.335],[-35.735,-8.333],[-35.734,-8.332],[-35.734,-8.33],[-35.735,-8.323],[-35.729,-8.315],[-35.735,-8.306],[-35.758,-8.29],[-35.752,-8.288],[-35.744,-8.273],[-35.736,-8.268],[-35.73,-8.259],[-35.718,-8.243],[-35.718,-8.219],[-35.711,-8.223],[-35.707,-8.22],[-35.706,-8.22],[-35.685,-8.211],[-35.667,-8.209],[-35.655,-8.203]]]}},{"type":"Feature","properties":{"id":"2612109","name":"Salgadinho"},"geometry":{"type":"Polygon","coordinates":[[[-35.589,-7.893],[-35.576,-7.894],[-35.572,-7.892],[-35.57,-7.892],[-35.567,-7.89],[-35.567,-7.891],[-35.566,-7.891],[-35.561,-7.889],[-35.557,-7.891],[-35.556,-7.891],[-35.552,-7.898],[-35.549,-7.897],[-35.547,-7.897],[-35.543,-7.896],[-35.54,-7.894],[-35.539,-7.894],[-35.538,-7.895],[-35.534,-7.894],[-35.531,-7.893],[-35.531,-7.894],[-35.53,-7.895],[-35.529,-7.895],[-35.527,-7.897],[-35.527,-7.898],[-35.526,-7.899],[-35.525,-7.9],[-35.524,-7.9],[-35.523,-7.901],[-35.521,-7.903],[-35.52,-7.904],[-35.52,-7.908],[-35.517,-7.92],[-35.516,-7.924],[-35.514,-7.938],[-35.514,-7.939],[-35.515,-7.939],[-35.516,-7.938],[-35.518,-7.936],[-35.519,-7.936],[-35.531,-7.93],[-35.535,-7.938],[-35.535,-7.94],[-35.535,-7.941],[-35.537,-7.945],[-35.538,-7.946],[-35.539,-7.946],[-35.544,-7.946],[-35.545,-7.946],[-35.547,-7.946],[-35.549,-7.945],[-35.55,-7.945],[-35.551,-7.945],[-35.553,-7.944],[-35.554,-7.943],[-35.559,-7.94],[-35.567,-7.942],[-35.569,-7.943],[-35.57,-7.944],[-35.572,-7.945],[-35.574,-7.944],[-35.579,-7.946],[-35.581,-7.946],[-35.582,-7.945],[-35.583,-7.943],[-35.6,-7.935],[-35.612,-7.936],[-35.619,-7.944],[-35.629,-7.941],[-35.637,-7.942],[-35.642,-7.938],[-35.654,-7.944],[-35.655,-7.941],[-35.651,-7.934],[-35.656,-7.925],[-35.663,-7.925],[-35.67,-7.917],[-35.677,-7.919],[-35.675,-7.912],[-35.681,-7.91],[-35.655,-7.897],[-35.63,-7.884],[-35.616,-7.877],[-35.614,-7.876],[-35.595,-7.889],[-35.589,-7.893]]]}},{"type":"Feature","properties":{"id":"2612208","name":"Salgueiro"},"geometry":{"type":"Polygon","coordinates":[[[-39.095,-7.853],[-39.091,-7.858],[-39.065,-7.839],[-39.053,-7.819],[-39.026,-7.824],[-39.018,-7.812],[-39.016,-7.827],[-39.033,-7.844],[-39.035,-7.85],[-39.034,-7.858],[-39.042,-7.866],[-39.049,-7.865],[-39.054,-7.869],[-39.061,-7.898],[-39.077,-7.903],[-39.08,-7.909],[-39.078,-7.915],[-39.081,-7.924],[-39.077,-7.926],[-39.07,-7.93],[-39.074,-7.941],[-39.072,-7.958],[-39.086,-7.978],[-39.085,-7.987],[-39.095,-7.995],[-39.097,-8.0],[-39.092,-8.004],[-39.092,-8.011],[-39.103,-8.024],[-39.103,-8.028],[-39.089,-8.053],[-39.074,-8.08],[-39.064,-8.075],[-39.064,-8.06],[-39.06,-8.059],[-39.058,-8.06],[-39.043,-8.061],[-39.027,-8.056],[-39.026,-8.068],[-39.019,-8.068],[-39.013,-8.075],[-39.004,-8.064],[-38.996,-8.062],[-38.983,-8.066],[-38.981,-8.071],[-38.97,-8.077],[-38.972,-8.081],[-38.978,-8.08],[-38.978,-8.083],[-38.974,-8.087],[-38.969,-8.085],[-38.966,-8.091],[-38.959,-8.086],[-38.955,-8.089],[-38.945,-8.086],[-38.938,-8.091],[-38.93,-8.09],[-38.923,-8.094],[-38.91,-8.086],[-38.931,-8.106],[-38.935,-8.118],[-38.937,-8.124],[-38.922,-8.141],[-38.911,-8.145],[-38.906,-8.158],[-38.881,-8.17],[-38.87,-8.168],[-38.867,-8.184],[-38.871,-8.201],[-38.879,-8.209],[-38.877,-8.212],[-38.868,-8.214],[-38.851,-8.225],[-38.827,-8.221],[-38.827,-8.225],[-38.815,-8.233],[-38.812,-8.235],[-38.817,-8.245],[-38.837,-8.267],[-38.839,-8.275],[-38.851,-8.286],[-38.858,-8.286],[-38.861,-8.292],[-38.893,-8.313],[-38.911,-8.33],[-38.915,-8.333],[-38.915,-8.34],[-38.928,-8.356],[-38.936,-8.353],[-38.953,-8.357],[-38.963,-8.352],[-38.968,-8.354],[-38.974,-8.352],[-38.979,-8.356],[-38.982,-8.353],[-38.99,-8.357],[-38.994,-8.355],[-38.997,-8.365],[-38.995,-8.373],[-39.011,-8.38],[-39.015,-8.375],[-39.03,-8.373],[-39.041,-8.38],[-39.046,-8.379],[-39.124,-8.306],[-39.178,-8.255],[-39.187,-8.247],[-39.208,-8.227],[-39.232,-8.219],[-39.249,-8.213],[-39.26,-8.219],[-39.284,-8.221],[-39.301,-8.227],[-39.313,-8.192],[-39.316,-8.185],[-39.317,-8.182],[-39.311,-8.176],[-39.308,-8.171],[-39.3,-8.158],[-39.286,-8.147],[-39.283,-8.133],[-39.276,-8.132],[-39.273,-8.127],[-39.263,-8.123],[-39.248,-8.096],[-39.246,-8.098],[-39.243,-8.093],[-39.252,-8.08],[-39.272,-8.07],[-39.273,-8.069],[-39.307,-8.051],[-39.298,-8.045],[-39.286,-8.049],[-39.281,-8.043],[-39.275,-8.043],[-39.27,-8.039],[-39.263,-8.04],[-39.261,-8.033],[-39.247,-8.031],[-39.238,-8.025],[-39.238,-8.016],[-39.232,-8.01],[-39.236,-8.002],[-39.235,-7.984],[-39.223,-7.965],[-39.223,-7.95],[-39.223,-7.949],[-39.231,-7.933],[-39.223,-7.924],[-39.225,-7.915],[-39.22,-7.909],[-39.22,-7.901],[-39.146,-7.827],[-39.146,-7.819],[-39.144,-7.814],[-39.142,-7.798],[-39.116,-7.776],[-39.102,-7.771],[-39.1,-7.775],[-39.102,-7.786],[-39.09,-7.809],[-39.091,-7.824],[-39.087,-7.836],[-39.095,-7.846],[-39.095,-7.853]]]}},{"type":"Feature","properties":{"id":"2612307","name":"Saloá"},"geometry":{"type":"Polygon","coordinates":[[[-36.76,-8.938],[-36.729,-8.954],[-36.724,-8.952],[-36.713,-8.951],[-36.712,-8.948],[-36.708,-8.94],[-36.681,-8.937],[-36.661,-8.934],[-36.645,-8.936],[-36.635,-8.944],[-36.631,-8.956],[-36.63,-8.976],[-36.636,-8.986],[-36.625,-9.002],[-36.631,-9.004],[-36.635,-9.015],[-36.637,-9.02],[-36.684,-9.02],[-36.688,-9.02],[-36.703,-9.021],[-36.719,-9.037],[-36.735,-9.058],[-36.734,-9.06],[-36.742,-9.065],[-36.752,-9.089],[-36.758,-9.093],[-36.769,-9.092],[-36.775,-9.098],[-36.777,-9.099],[-36.776,-9.105],[-36.781,-9.106],[-36.784,-9.113],[-36.785,-9.112],[-36.802,-9.086],[-36.794,-9.044],[-36.786,-9.008],[-36.79,-9.003],[-36.794,-8.997],[-36.813,-8.969],[-36.865,-8.888],[-36.864,-8.888],[-36.833,-8.903],[-36.76,-8.938]]]}},{"type":"Feature","properties":{"id":"2612406","name":"Sanharó"},"geometry":{"type":"Polygon","coordinates":[[[-36.508,-8.23],[-36.5,-8.236],[-36.494,-8.232],[-36.487,-8.246],[-36.486,-8.252],[-36.498,-8.27],[-36.495,-8.272],[-36.494,-8.279],[-36.498,-8.281],[-36.498,-8.288],[-36.52,-8.297],[-36.525,-8.303],[-36.511,-8.321],[-36.501,-8.324],[-36.494,-8.322],[-36.493,-8.315],[-36.484,-8.314],[-36.489,-8.353],[-36.489,-8.354],[-36.492,-8.383],[-36.51,-8.402],[-36.513,-8.404],[-36.523,-8.428],[-36.523,-8.429],[-36.531,-8.445],[-36.535,-8.479],[-36.537,-8.502],[-36.542,-8.499],[-36.563,-8.48],[-36.582,-8.464],[-36.583,-8.462],[-36.59,-8.445],[-36.601,-8.418],[-36.619,-8.37],[-36.629,-8.345],[-36.63,-8.345],[-36.608,-8.319],[-36.591,-8.305],[-36.56,-8.283],[-36.56,-8.274],[-36.535,-8.252],[-36.542,-8.248],[-36.542,-8.239],[-36.53,-8.239],[-36.527,-8.246],[-36.524,-8.246],[-36.517,-8.232],[-36.508,-8.23]]]}},{"type":"Feature","properties":{"id":"2612455","name":"Santa Cruz"},"geometry":{"type":"Polygon","coordinates":[[[-40.303,-8.061],[-40.289,-8.067],[-40.271,-8.064],[-40.259,-8.056],[-40.243,-8.077],[-40.235,-8.074],[-40.227,-8.077],[-40.223,-8.074],[-40.219,-8.079],[-40.219,-8.08],[-40.216,-8.083],[-40.222,-8.088],[-40.23,-8.108],[-40.24,-8.119],[-40.242,-8.127],[-40.25,-8.129],[-40.257,-8.142],[-40.253,-8.155],[-40.238,-8.161],[-40.234,-8.169],[-40.229,-8.196],[-40.195,-8.196],[-40.2,-8.256],[-40.15,-8.292],[-40.131,-8.305],[-40.087,-8.337],[-40.111,-8.343],[-40.108,-8.348],[-40.134,-8.36],[-40.14,-8.384],[-40.152,-8.407],[-40.16,-8.406],[-40.165,-8.416],[-40.172,-8.422],[-40.181,-8.421],[-40.197,-8.46],[-40.191,-8.488],[-40.196,-8.512],[-40.214,-8.503],[-40.232,-8.505],[-40.243,-8.511],[-40.254,-8.507],[-40.257,-8.496],[-40.266,-8.501],[-40.267,-8.504],[-40.273,-8.509],[-40.287,-8.507],[-40.289,-8.499],[-40.299,-8.501],[-40.299,-8.507],[-40.305,-8.513],[-40.318,-8.516],[-40.327,-8.513],[-40.333,-8.518],[-40.341,-8.517],[-40.351,-8.509],[-40.358,-8.495],[-40.354,-8.49],[-40.357,-8.482],[-40.353,-8.467],[-40.36,-8.463],[-40.359,-8.448],[-40.367,-8.437],[-40.365,-8.432],[-40.375,-8.429],[-40.381,-8.422],[-40.381,-8.415],[-40.386,-8.411],[-40.395,-8.416],[-40.397,-8.407],[-40.405,-8.409],[-40.409,-8.402],[-40.422,-8.404],[-40.435,-8.39],[-40.433,-8.376],[-40.429,-8.374],[-40.432,-8.372],[-40.431,-8.361],[-40.435,-8.357],[-40.433,-8.352],[-40.436,-8.347],[-40.448,-8.339],[-40.444,-8.333],[-40.447,-8.318],[-40.459,-8.309],[-40.459,-8.302],[-40.455,-8.288],[-40.445,-8.275],[-40.442,-8.239],[-40.437,-8.179],[-40.428,-8.069],[-40.417,-8.08],[-40.398,-8.083],[-40.393,-8.077],[-40.388,-8.079],[-40.381,-8.074],[-40.374,-8.075],[-40.375,-8.079],[-40.368,-8.084],[-40.354,-8.087],[-40.345,-8.071],[-40.338,-8.066],[-40.333,-8.064],[-40.334,-8.066],[-40.327,-8.067],[-40.317,-8.057],[-40.303,-8.061]]]}},{"type":"Feature","properties":{"id":"2612471","name":"Santa Cruz da Baixa Verde"},"geometry":{"type":"Polygon","coordinates":[[[-38.14,-7.883],[-38.12,-7.908],[-38.129,-7.904],[-38.16,-7.905],[-38.163,-7.905],[-38.173,-7.905],[-38.218,-7.905],[-38.219,-7.906],[-38.238,-7.906],[-38.223,-7.885],[-38.223,-7.871],[-38.224,-7.866],[-38.206,-7.838],[-38.222,-7.82],[-38.206,-7.807],[-38.184,-7.795],[-38.162,-7.78],[-38.143,-7.783],[-38.131,-7.795],[-38.131,-7.803],[-38.122,-7.807],[-38.124,-7.813],[-38.12,-7.819],[-38.132,-7.83],[-38.147,-7.844],[-38.149,-7.855],[-38.148,-7.865],[-38.14,-7.876],[-38.14,-7.883]]]}},{"type":"Feature","properties":{"id":"2612505","name":"Santa Cruz do Capibaribe"},"geometry":{"type":"Polygon","coordinates":[[[-36.36,-7.805],[-36.337,-7.809],[-36.309,-7.806],[-36.294,-7.811],[-36.271,-7.83],[-36.263,-7.831],[-36.264,-7.87],[-36.243,-7.892],[-36.194,-7.923],[-36.169,-7.939],[-36.172,-7.957],[-36.164,-7.966],[-36.176,-7.968],[-36.191,-7.958],[-36.2,-7.961],[-36.206,-7.964],[-36.209,-7.96],[-36.217,-7.958],[-36.22,-7.958],[-36.227,-7.955],[-36.263,-7.953],[-36.271,-7.947],[-36.294,-7.944],[-36.31,-7.959],[-36.327,-7.968],[-36.343,-7.959],[-36.353,-7.962],[-36.351,-7.955],[-36.36,-7.948],[-36.36,-7.953],[-36.371,-7.951],[-36.372,-7.945],[-36.38,-7.936],[-36.387,-7.939],[-36.4,-7.938],[-36.423,-7.922],[-36.443,-7.92],[-36.446,-7.916],[-36.443,-7.914],[-36.445,-7.908],[-36.434,-7.896],[-36.43,-7.885],[-36.432,-7.88],[-36.44,-7.878],[-36.429,-7.867],[-36.43,-7.827],[-36.424,-7.815],[-36.407,-7.814],[-36.396,-7.808],[-36.373,-7.812],[-36.36,-7.805]]]}},{"type":"Feature","properties":{"id":"2612554","name":"Santa Filomena"},"geometry":{"type":"Polygon","coordinates":[[[-40.428,-8.069],[-40.437,-8.179],[-40.442,-8.239],[-40.445,-8.275],[-40.455,-8.288],[-40.459,-8.302],[-40.459,-8.309],[-40.447,-8.318],[-40.444,-8.333],[-40.448,-8.339],[-40.436,-8.347],[-40.433,-8.352],[-40.435,-8.357],[-40.431,-8.361],[-40.432,-8.372],[-40.429,-8.374],[-40.433,-8.376],[-40.435,-8.39],[-40.439,-8.378],[-40.452,-8.364],[-40.462,-8.361],[-40.468,-8.366],[-40.477,-8.361],[-40.484,-8.366],[-40.49,-8.364],[-40.495,-8.37],[-40.502,-8.365],[-40.513,-8.371],[-40.529,-8.366],[-40.534,-8.376],[-40.532,-8.38],[-40.54,-8.384],[-40.543,-8.376],[-40.563,-8.372],[-40.565,-8.366],[-40.573,-8.363],[-40.586,-8.363],[-40.591,-8.368],[-40.597,-8.364],[-40.6,-8.368],[-40.607,-8.367],[-40.61,-8.372],[-40.621,-8.368],[-40.626,-8.372],[-40.63,-8.371],[-40.631,-8.375],[-40.64,-8.375],[-40.645,-8.381],[-40.649,-8.38],[-40.659,-8.379],[-40.658,-8.372],[-40.664,-8.369],[-40.679,-8.373],[-40.682,-8.369],[-40.681,-8.365],[-40.686,-8.363],[-40.686,-8.358],[-40.703,-8.347],[-40.713,-8.35],[-40.728,-8.347],[-40.742,-8.337],[-40.749,-8.342],[-40.755,-8.342],[-40.758,-8.337],[-40.756,-8.326],[-40.762,-8.318],[-40.763,-8.308],[-40.766,-8.299],[-40.78,-8.296],[-40.781,-8.293],[-40.778,-8.286],[-40.784,-8.261],[-40.782,-8.253],[-40.769,-8.249],[-40.764,-8.244],[-40.744,-8.24],[-40.736,-8.228],[-40.729,-8.225],[-40.711,-8.225],[-40.705,-8.22],[-40.7,-8.202],[-40.694,-8.2],[-40.684,-8.187],[-40.675,-8.184],[-40.669,-8.177],[-40.666,-8.162],[-40.658,-8.156],[-40.643,-8.157],[-40.642,-8.15],[-40.638,-8.147],[-40.632,-8.139],[-40.601,-8.15],[-40.601,-8.144],[-40.589,-8.137],[-40.591,-8.123],[-40.596,-8.118],[-40.599,-8.115],[-40.603,-8.103],[-40.598,-8.08],[-40.582,-8.044],[-40.575,-8.03],[-40.522,-8.031],[-40.474,-8.031],[-40.434,-8.031],[-40.427,-8.035],[-40.425,-8.045],[-40.43,-8.053],[-40.429,-8.066],[-40.428,-8.069]]]}},{"type":"Feature","properties":{"id":"2612604","name":"Santa Maria da Boa Vista"},"geometry":{"type":"Polygon","coordinates":[[[-39.834,-8.329],[-39.824,-8.332],[-39.809,-8.329],[-39.799,-8.335],[-39.787,-8.332],[-39.782,-8.34],[-39.773,-8.34],[-39.766,-8.353],[-39.762,-8.353],[-39.756,-8.345],[-39.748,-8.345],[-39.742,-8.376],[-39.726,-8.377],[-39.722,-8.392],[-39.71,-8.4],[-39.713,-8.409],[-39.702,-8.415],[-39.688,-8.428],[-39.679,-8.439],[-39.678,-8.451],[-39.672,-8.456],[-39.67,-8.46],[-39.663,-8.461],[-39.654,-8.478],[-39.65,-8.496],[-39.642,-8.497],[-39.631,-8.503],[-39.635,-8.514],[-39.643,-8.519],[-39.645,-8.602],[-39.645,-8.616],[-39.645,-8.642],[-39.646,-8.659],[-39.661,-8.657],[-39.685,-8.66],[-39.692,-8.664],[-39.693,-8.68],[-39.684,-8.705],[-39.675,-8.736],[-39.677,-8.76],[-39.671,-8.777],[-39.676,-8.788],[-39.686,-8.793],[-39.7,-8.8],[-39.705,-8.799],[-39.747,-8.794],[-39.758,-8.799],[-39.782,-8.814],[-39.792,-8.819],[-39.82,-8.813],[-39.829,-8.814],[-39.886,-8.825],[-39.893,-8.828],[-39.903,-8.853],[-39.901,-8.864],[-39.882,-8.898],[-39.873,-8.934],[-39.89,-8.966],[-39.891,-8.968],[-39.907,-8.981],[-39.915,-8.997],[-39.916,-8.998],[-39.958,-9.048],[-39.979,-9.055],[-39.996,-9.061],[-40.005,-9.059],[-40.024,-9.057],[-40.024,-9.053],[-40.024,-9.05],[-40.028,-9.03],[-40.024,-9.018],[-40.03,-9.006],[-40.047,-8.996],[-40.045,-8.986],[-40.037,-8.979],[-40.044,-8.972],[-40.049,-8.972],[-40.066,-8.963],[-40.072,-8.954],[-40.088,-8.95],[-40.097,-8.957],[-40.092,-8.922],[-40.068,-8.749],[-40.073,-8.645],[-40.073,-8.635],[-40.074,-8.631],[-40.086,-8.63],[-40.091,-8.618],[-40.101,-8.611],[-40.117,-8.612],[-40.132,-8.607],[-40.141,-8.598],[-40.146,-8.588],[-40.155,-8.583],[-40.157,-8.576],[-40.166,-8.572],[-40.164,-8.55],[-40.169,-8.544],[-40.177,-8.54],[-40.176,-8.53],[-40.181,-8.525],[-40.187,-8.527],[-40.196,-8.512],[-40.191,-8.488],[-40.197,-8.46],[-40.181,-8.421],[-40.172,-8.422],[-40.165,-8.416],[-40.16,-8.406],[-40.152,-8.407],[-40.14,-8.384],[-40.134,-8.36],[-40.108,-8.348],[-40.095,-8.349],[-40.09,-8.357],[-40.091,-8.365],[-40.082,-8.371],[-40.064,-8.37],[-40.056,-8.365],[-40.043,-8.364],[-40.029,-8.374],[-40.022,-8.373],[-40.012,-8.357],[-40.003,-8.354],[-39.964,-8.377],[-39.957,-8.377],[-39.94,-8.364],[-39.925,-8.367],[-39.925,-8.368],[-39.896,-8.373],[-39.881,-8.36],[-39.873,-8.359],[-39.861,-8.349],[-39.851,-8.335],[-39.834,-8.329]]]}},{"type":"Feature","properties":{"id":"2612703","name":"Santa Maria do Cambucá"},"geometry":{"type":"Polygon","coordinates":[[[-35.881,-7.766],[-35.875,-7.768],[-35.874,-7.768],[-35.871,-7.77],[-35.86,-7.779],[-35.853,-7.785],[-35.846,-7.808],[-35.843,-7.815],[-35.832,-7.838],[-35.83,-7.842],[-35.822,-7.859],[-35.828,-7.86],[-35.831,-7.861],[-35.835,-7.861],[-35.842,-7.863],[-35.863,-7.862],[-35.869,-7.863],[-35.896,-7.872],[-35.898,-7.873],[-35.911,-7.879],[-35.914,-7.872],[-35.922,-7.867],[-35.919,-7.859],[-35.915,-7.847],[-35.914,-7.846],[-35.925,-7.825],[-35.928,-7.819],[-35.943,-7.79],[-35.933,-7.784],[-35.914,-7.79],[-35.905,-7.792],[-35.903,-7.791],[-35.893,-7.783],[-35.891,-7.78],[-35.889,-7.777],[-35.887,-7.776],[-35.883,-7.772],[-35.881,-7.767],[-35.881,-7.766]]]}},{"type":"Feature","properties":{"id":"2612802","name":"Santa Terezinha"},"geometry":{"type":"Polygon","coordinates":[[[-37.431,-7.356],[-37.427,-7.366],[-37.41,-7.379],[-37.382,-7.373],[-37.368,-7.379],[-37.367,-7.393],[-37.362,-7.395],[-37.366,-7.4],[-37.364,-7.407],[-37.377,-7.455],[-37.379,-7.463],[-37.379,-7.465],[-37.381,-7.471],[-37.39,-7.477],[-37.403,-7.487],[-37.425,-7.504],[-37.45,-7.535],[-37.45,-7.523],[-37.451,-7.509],[-37.455,-7.504],[-37.461,-7.504],[-37.459,-7.499],[-37.463,-7.495],[-37.459,-7.489],[-37.464,-7.488],[-37.469,-7.486],[-37.492,-7.456],[-37.521,-7.439],[-37.514,-7.433],[-37.513,-7.424],[-37.505,-7.419],[-37.499,-7.407],[-37.497,-7.403],[-37.494,-7.399],[-37.487,-7.395],[-37.498,-7.366],[-37.486,-7.362],[-37.478,-7.36],[-37.466,-7.358],[-37.444,-7.36],[-37.431,-7.356]]]}},{"type":"Feature","properties":{"id":"2612901","name":"São Benedito do Sul"},"geometry":{"type":"Polygon","coordinates":[[[-35.95,-8.746],[-35.939,-8.757],[-35.935,-8.756],[-35.924,-8.762],[-35.918,-8.768],[-35.913,-8.768],[-35.911,-8.764],[-35.92,-8.761],[-35.92,-8.75],[-35.917,-8.748],[-35.91,-8.75],[-35.868,-8.754],[-35.857,-8.748],[-35.853,-8.751],[-35.852,-8.758],[-35.847,-8.808],[-35.846,-8.825],[-35.846,-8.843],[-35.845,-8.872],[-35.849,-8.871],[-35.851,-8.868],[-35.862,-8.858],[-35.887,-8.863],[-35.896,-8.854],[-35.901,-8.862],[-35.911,-8.861],[-35.916,-8.867],[-35.924,-8.884],[-35.942,-8.885],[-35.95,-8.892],[-35.953,-8.87],[-35.955,-8.857],[-35.955,-8.818],[-35.966,-8.75],[-35.964,-8.735],[-35.955,-8.742],[-35.95,-8.746]]]}},{"type":"Feature","properties":{"id":"2613008","name":"São Bento do Una"},"geometry":{"type":"Polygon","coordinates":[[[-36.383,-8.389],[-36.38,-8.39],[-36.361,-8.389],[-36.355,-8.425],[-36.349,-8.436],[-36.333,-8.436],[-36.33,-8.431],[-36.323,-8.431],[-36.312,-8.424],[-36.305,-8.431],[-36.297,-8.439],[-36.295,-8.437],[-36.288,-8.441],[-36.288,-8.449],[-36.284,-8.453],[-36.281,-8.459],[-36.285,-8.468],[-36.288,-8.474],[-36.303,-8.472],[-36.307,-8.477],[-36.315,-8.475],[-36.324,-8.481],[-36.319,-8.491],[-36.318,-8.496],[-36.307,-8.529],[-36.308,-8.533],[-36.326,-8.563],[-36.324,-8.568],[-36.327,-8.571],[-36.328,-8.588],[-36.326,-8.593],[-36.333,-8.606],[-36.332,-8.614],[-36.361,-8.626],[-36.382,-8.635],[-36.396,-8.639],[-36.427,-8.65],[-36.441,-8.655],[-36.448,-8.657],[-36.452,-8.664],[-36.46,-8.667],[-36.466,-8.664],[-36.463,-8.668],[-36.469,-8.681],[-36.467,-8.69],[-36.472,-8.694],[-36.483,-8.703],[-36.487,-8.703],[-36.489,-8.694],[-36.497,-8.684],[-36.498,-8.68],[-36.513,-8.672],[-36.534,-8.656],[-36.537,-8.643],[-36.542,-8.625],[-36.542,-8.622],[-36.543,-8.624],[-36.547,-8.627],[-36.556,-8.633],[-36.56,-8.641],[-36.562,-8.642],[-36.567,-8.637],[-36.568,-8.625],[-36.573,-8.624],[-36.568,-8.619],[-36.57,-8.612],[-36.571,-8.616],[-36.577,-8.616],[-36.586,-8.601],[-36.591,-8.601],[-36.609,-8.606],[-36.603,-8.594],[-36.611,-8.58],[-36.616,-8.57],[-36.614,-8.557],[-36.61,-8.549],[-36.555,-8.509],[-36.542,-8.499],[-36.537,-8.502],[-36.535,-8.479],[-36.531,-8.445],[-36.523,-8.429],[-36.523,-8.428],[-36.513,-8.404],[-36.51,-8.402],[-36.503,-8.402],[-36.502,-8.409],[-36.485,-8.409],[-36.49,-8.405],[-36.488,-8.402],[-36.481,-8.402],[-36.479,-8.407],[-36.475,-8.404],[-36.478,-8.402],[-36.471,-8.401],[-36.467,-8.389],[-36.458,-8.391],[-36.454,-8.387],[-36.449,-8.397],[-36.445,-8.399],[-36.435,-8.399],[-36.423,-8.386],[-36.409,-8.381],[-36.408,-8.376],[-36.404,-8.374],[-36.396,-8.388],[-36.383,-8.389]]]}},{"type":"Feature","properties":{"id":"2613107","name":"São Caitano"},"geometry":{"type":"Polygon","coordinates":[[[-36.115,-8.195],[-36.105,-8.205],[-36.099,-8.21],[-36.082,-8.228],[-36.081,-8.233],[-36.074,-8.236],[-36.073,-8.254],[-36.073,-8.255],[-36.068,-8.299],[-36.068,-8.301],[-36.065,-8.325],[-36.065,-8.329],[-36.063,-8.342],[-36.062,-8.376],[-36.062,-8.377],[-36.063,-8.383],[-36.071,-8.391],[-36.07,-8.4],[-36.076,-8.399],[-36.079,-8.394],[-36.076,-8.38],[-36.085,-8.381],[-36.089,-8.381],[-36.098,-8.383],[-36.103,-8.387],[-36.112,-8.395],[-36.119,-8.401],[-36.131,-8.401],[-36.131,-8.408],[-36.134,-8.428],[-36.138,-8.431],[-36.144,-8.434],[-36.149,-8.438],[-36.183,-8.461],[-36.186,-8.464],[-36.216,-8.487],[-36.217,-8.488],[-36.22,-8.472],[-36.222,-8.466],[-36.224,-8.453],[-36.212,-8.452],[-36.218,-8.444],[-36.215,-8.431],[-36.221,-8.423],[-36.217,-8.419],[-36.232,-8.401],[-36.222,-8.372],[-36.219,-8.37],[-36.214,-8.367],[-36.213,-8.36],[-36.208,-8.352],[-36.213,-8.343],[-36.21,-8.338],[-36.218,-8.329],[-36.219,-8.324],[-36.214,-8.318],[-36.217,-8.314],[-36.214,-8.313],[-36.223,-8.312],[-36.228,-8.285],[-36.211,-8.279],[-36.21,-8.271],[-36.185,-8.256],[-36.193,-8.236],[-36.162,-8.216],[-36.141,-8.192],[-36.129,-8.196],[-36.122,-8.187],[-36.115,-8.195]]]}},{"type":"Feature","properties":{"id":"2613206","name":"São João"},"geometry":{"type":"Polygon","coordinates":[[[-36.393,-8.782],[-36.394,-8.784],[-36.401,-8.784],[-36.4,-8.791],[-36.395,-8.793],[-36.391,-8.79],[-36.382,-8.794],[-36.378,-8.791],[-36.361,-8.798],[-36.361,-8.792],[-36.35,-8.785],[-36.345,-8.794],[-36.346,-8.802],[-36.342,-8.801],[-36.337,-8.808],[-36.322,-8.832],[-36.315,-8.843],[-36.321,-8.872],[-36.319,-8.883],[-36.314,-8.912],[-36.306,-8.953],[-36.31,-8.964],[-36.316,-8.968],[-36.34,-8.98],[-36.343,-8.985],[-36.36,-8.988],[-36.369,-8.991],[-36.377,-8.989],[-36.384,-8.979],[-36.389,-8.976],[-36.4,-8.956],[-36.398,-8.939],[-36.411,-8.924],[-36.411,-8.912],[-36.417,-8.906],[-36.43,-8.902],[-36.437,-8.895],[-36.441,-8.89],[-36.45,-8.877],[-36.454,-8.866],[-36.457,-8.859],[-36.458,-8.855],[-36.46,-8.851],[-36.462,-8.845],[-36.459,-8.831],[-36.448,-8.814],[-36.444,-8.8],[-36.439,-8.798],[-36.438,-8.798],[-36.427,-8.798],[-36.408,-8.783],[-36.408,-8.78],[-36.4,-8.777],[-36.394,-8.778],[-36.393,-8.782]]]}},{"type":"Feature","properties":{"id":"2613305","name":"São Joaquim do Monte"},"geometry":{"type":"Polygon","coordinates":[[[-35.792,-8.367],[-35.772,-8.367],[-35.771,-8.367],[-35.771,-8.368],[-35.77,-8.369],[-35.771,-8.37],[-35.771,-8.371],[-35.772,-8.373],[-35.766,-8.373],[-35.763,-8.373],[-35.757,-8.374],[-35.751,-8.402],[-35.753,-8.406],[-35.754,-8.407],[-35.758,-8.409],[-35.757,-8.412],[-35.743,-8.433],[-35.742,-8.436],[-35.755,-8.44],[-35.761,-8.441],[-35.763,-8.44],[-35.763,-8.444],[-35.762,-8.445],[-35.764,-8.451],[-35.766,-8.452],[-35.772,-8.453],[-35.774,-8.452],[-35.785,-8.463],[-35.788,-8.464],[-35.789,-8.463],[-35.794,-8.463],[-35.796,-8.464],[-35.797,-8.464],[-35.798,-8.464],[-35.808,-8.467],[-35.814,-8.465],[-35.815,-8.465],[-35.819,-8.463],[-35.82,-8.462],[-35.824,-8.46],[-35.827,-8.464],[-35.828,-8.469],[-35.832,-8.47],[-35.833,-8.472],[-35.838,-8.481],[-35.828,-8.488],[-35.826,-8.488],[-35.826,-8.489],[-35.824,-8.49],[-35.822,-8.493],[-35.82,-8.494],[-35.82,-8.495],[-35.819,-8.497],[-35.819,-8.498],[-35.818,-8.499],[-35.817,-8.5],[-35.818,-8.504],[-35.819,-8.507],[-35.821,-8.51],[-35.821,-8.512],[-35.821,-8.513],[-35.821,-8.522],[-35.825,-8.523],[-35.826,-8.523],[-35.826,-8.526],[-35.826,-8.528],[-35.826,-8.53],[-35.828,-8.53],[-35.829,-8.53],[-35.84,-8.526],[-35.845,-8.534],[-35.844,-8.536],[-35.843,-8.537],[-35.842,-8.539],[-35.842,-8.541],[-35.849,-8.541],[-35.853,-8.535],[-35.855,-8.537],[-35.853,-8.545],[-35.845,-8.562],[-35.838,-8.578],[-35.846,-8.581],[-35.848,-8.587],[-35.878,-8.585],[-35.879,-8.585],[-35.888,-8.585],[-35.881,-8.58],[-35.88,-8.574],[-35.872,-8.567],[-35.881,-8.562],[-35.888,-8.546],[-35.901,-8.514],[-35.896,-8.507],[-35.895,-8.506],[-35.895,-8.505],[-35.891,-8.5],[-35.888,-8.498],[-35.888,-8.494],[-35.889,-8.477],[-35.89,-8.475],[-35.891,-8.476],[-35.891,-8.475],[-35.892,-8.474],[-35.892,-8.473],[-35.889,-8.469],[-35.889,-8.468],[-35.888,-8.467],[-35.891,-8.465],[-35.892,-8.466],[-35.893,-8.467],[-35.893,-8.466],[-35.893,-8.464],[-35.903,-8.462],[-35.905,-8.457],[-35.904,-8.452],[-35.901,-8.441],[-35.903,-8.434],[-35.898,-8.428],[-35.917,-8.424],[-35.916,-8.422],[-35.921,-8.42],[-35.919,-8.41],[-35.922,-8.407],[-35.918,-8.398],[-35.902,-8.384],[-35.896,-8.385],[-35.885,-8.381],[-35.876,-8.377],[-35.871,-8.379],[-35.869,-8.38],[-35.859,-8.375],[-35.853,-8.376],[-35.842,-8.379],[-35.843,-8.371],[-35.836,-8.371],[-35.834,-8.371],[-35.831,-8.371],[-35.826,-8.374],[-35.825,-8.375],[-35.825,-8.376],[-35.824,-8.378],[-35.822,-8.382],[-35.82,-8.383],[-35.813,-8.386],[-35.811,-8.382],[-35.805,-8.373],[-35.801,-8.37],[-35.8,-8.369],[-35.792,-8.367]]]}},{"type":"Feature","properties":{"id":"2613404","name":"São José da Coroa Grande"},"geometry":{"type":"Polygon","coordinates":[[[-35.137,-8.876],[-35.152,-8.913],[-35.155,-8.903],[-35.162,-8.897],[-35.17,-8.891],[-35.2,-8.888],[-35.209,-8.891],[-35.211,-8.888],[-35.22,-8.889],[-35.235,-8.883],[-35.243,-8.879],[-35.247,-8.868],[-35.263,-8.855],[-35.261,-8.855],[-35.249,-8.852],[-35.218,-8.846],[-35.173,-8.837],[-35.137,-8.829],[-35.135,-8.832],[-35.139,-8.843],[-35.13,-8.862],[-35.129,-8.867],[-35.137,-8.876]]]}},{"type":"Feature","properties":{"id":"2613503","name":"São José do Belmonte"},"geometry":{"type":"Polygon","coordinates":[[[-38.705,-7.622],[-38.696,-7.632],[-38.686,-7.635],[-38.679,-7.646],[-38.672,-7.658],[-38.67,-7.66],[-38.663,-7.657],[-38.658,-7.662],[-38.65,-7.668],[-38.651,-7.677],[-38.642,-7.677],[-38.641,-7.686],[-38.626,-7.694],[-38.625,-7.708],[-38.616,-7.713],[-38.608,-7.726],[-38.607,-7.739],[-38.597,-7.742],[-38.593,-7.754],[-38.623,-7.786],[-38.624,-7.792],[-38.627,-7.817],[-38.627,-7.822],[-38.618,-7.832],[-38.617,-7.834],[-38.591,-7.864],[-38.567,-7.891],[-38.555,-7.905],[-38.558,-7.94],[-38.574,-7.971],[-38.592,-8.007],[-38.607,-8.037],[-38.618,-8.086],[-38.62,-8.098],[-38.598,-8.132],[-38.6,-8.139],[-38.607,-8.143],[-38.628,-8.137],[-38.635,-8.145],[-38.65,-8.135],[-38.657,-8.129],[-38.663,-8.113],[-38.67,-8.108],[-38.669,-8.102],[-38.688,-8.099],[-38.693,-8.075],[-38.692,-8.066],[-38.698,-8.063],[-38.7,-8.054],[-38.729,-8.031],[-38.738,-8.022],[-38.76,-8.011],[-38.777,-8.003],[-38.83,-8.016],[-38.852,-8.013],[-38.877,-8.01],[-38.874,-7.996],[-38.881,-7.992],[-38.884,-7.979],[-38.89,-7.974],[-38.89,-7.964],[-38.907,-7.956],[-38.908,-7.949],[-38.911,-7.928],[-38.93,-7.916],[-38.934,-7.905],[-38.937,-7.899],[-38.952,-7.887],[-38.956,-7.865],[-38.963,-7.856],[-38.964,-7.853],[-38.962,-7.844],[-38.959,-7.838],[-38.965,-7.829],[-38.954,-7.821],[-38.952,-7.81],[-38.94,-7.795],[-38.946,-7.781],[-38.941,-7.771],[-38.942,-7.763],[-38.941,-7.762],[-38.939,-7.758],[-38.934,-7.758],[-38.927,-7.753],[-38.92,-7.754],[-38.916,-7.758],[-38.918,-7.747],[-38.915,-7.744],[-38.9,-7.744],[-38.894,-7.75],[-38.881,-7.747],[-38.88,-7.744],[-38.881,-7.741],[-38.881,-7.725],[-38.869,-7.711],[-38.851,-7.716],[-38.846,-7.72],[-38.834,-7.719],[-38.828,-7.719],[-38.822,-7.714],[-38.815,-7.697],[-38.815,-7.688],[-38.824,-7.678],[-38.819,-7.664],[-38.815,-7.664],[-38.812,-7.668],[-38.792,-7.668],[-38.79,-7.671],[-38.786,-7.668],[-38.78,-7.661],[-38.775,-7.662],[-38.76,-7.656],[-38.754,-7.659],[-38.742,-7.66],[-38.741,-7.648],[-38.735,-7.639],[-38.735,-7.634],[-38.723,-7.626],[-38.717,-7.626],[-38.715,-7.622],[-38.705,-7.622]]]}},{"type":"Feature","properties":{"id":"2613602","name":"São José do Egito"},"geometry":{"type":"Polygon","coordinates":[[[-37.347,-7.367],[-37.346,-7.369],[-37.316,-7.365],[-37.307,-7.376],[-37.29,-7.395],[-37.28,-7.394],[-37.27,-7.393],[-37.248,-7.396],[-37.227,-7.413],[-37.202,-7.412],[-37.195,-7.425],[-37.198,-7.43],[-37.196,-7.439],[-37.185,-7.452],[-37.171,-7.45],[-37.154,-7.454],[-37.162,-7.466],[-37.163,-7.47],[-37.159,-7.475],[-37.162,-7.483],[-37.158,-7.487],[-37.159,-7.495],[-37.126,-7.479],[-37.085,-7.486],[-37.026,-7.497],[-37.03,-7.498],[-37.043,-7.504],[-37.053,-7.504],[-37.068,-7.517],[-37.086,-7.517],[-37.106,-7.531],[-37.121,-7.536],[-37.133,-7.55],[-37.155,-7.567],[-37.173,-7.587],[-37.18,-7.602],[-37.184,-7.615],[-37.196,-7.629],[-37.197,-7.645],[-37.195,-7.652],[-37.18,-7.667],[-37.174,-7.684],[-37.161,-7.698],[-37.154,-7.706],[-37.15,-7.716],[-37.154,-7.716],[-37.166,-7.704],[-37.176,-7.704],[-37.185,-7.708],[-37.191,-7.712],[-37.215,-7.697],[-37.218,-7.692],[-37.239,-7.687],[-37.27,-7.648],[-37.307,-7.603],[-37.313,-7.595],[-37.314,-7.597],[-37.317,-7.601],[-37.33,-7.599],[-37.349,-7.605],[-37.359,-7.618],[-37.377,-7.626],[-37.384,-7.626],[-37.396,-7.632],[-37.399,-7.636],[-37.408,-7.635],[-37.411,-7.641],[-37.416,-7.642],[-37.427,-7.632],[-37.427,-7.617],[-37.437,-7.601],[-37.438,-7.596],[-37.43,-7.59],[-37.432,-7.584],[-37.432,-7.583],[-37.431,-7.556],[-37.433,-7.545],[-37.45,-7.535],[-37.425,-7.504],[-37.403,-7.487],[-37.39,-7.477],[-37.381,-7.471],[-37.379,-7.465],[-37.379,-7.463],[-37.377,-7.455],[-37.364,-7.407],[-37.366,-7.4],[-37.362,-7.395],[-37.367,-7.393],[-37.368,-7.379],[-37.357,-7.377],[-37.359,-7.369],[-37.352,-7.354],[-37.347,-7.367]]]}},{"type":"Feature","properties":{"id":"2613701","name":"São Lourenço da Mata"},"geometry":{"type":"Polygon","coordinates":[[[-35.035,-7.941],[-35.028,-7.958],[-35.017,-7.959],[-35.014,-7.969],[-35.008,-7.972],[-35.016,-7.991],[-35.0,-8.005],[-34.996,-8.014],[-35.017,-8.019],[-35.013,-8.036],[-35.002,-8.035],[-34.997,-8.037],[-34.994,-8.042],[-34.994,-8.049],[-35.003,-8.052],[-35.015,-8.056],[-35.032,-8.062],[-35.05,-8.068],[-35.053,-8.075],[-35.059,-8.087],[-35.065,-8.089],[-35.066,-8.086],[-35.074,-8.084],[-35.099,-8.088],[-35.108,-8.081],[-35.124,-8.078],[-35.126,-8.075],[-35.139,-8.092],[-35.147,-8.088],[-35.15,-8.091],[-35.163,-8.087],[-35.181,-8.083],[-35.195,-8.079],[-35.201,-8.053],[-35.204,-8.038],[-35.214,-8.029],[-35.224,-8.02],[-35.214,-8.016],[-35.204,-8.011],[-35.201,-8.003],[-35.193,-7.994],[-35.187,-7.993],[-35.185,-7.991],[-35.178,-7.995],[-35.169,-7.987],[-35.168,-7.981],[-35.165,-7.982],[-35.166,-7.978],[-35.164,-7.971],[-35.158,-7.974],[-35.156,-7.971],[-35.141,-7.972],[-35.13,-7.975],[-35.117,-7.974],[-35.112,-7.969],[-35.098,-7.972],[-35.087,-7.965],[-35.077,-7.96],[-35.076,-7.95],[-35.051,-7.945],[-35.045,-7.95],[-35.035,-7.941]]]}},{"type":"Feature","properties":{"id":"2613800","name":"São Vicente Ferrer"},"geometry":{"type":"Polygon","coordinates":[[[-35.488,-7.556],[-35.477,-7.557],[-35.474,-7.552],[-35.466,-7.551],[-35.461,-7.553],[-35.463,-7.558],[-35.455,-7.558],[-35.454,-7.566],[-35.454,-7.567],[-35.451,-7.578],[-35.458,-7.597],[-35.45,-7.602],[-35.459,-7.61],[-35.463,-7.617],[-35.461,-7.631],[-35.457,-7.638],[-35.448,-7.639],[-35.449,-7.645],[-35.445,-7.649],[-35.453,-7.689],[-35.453,-7.665],[-35.456,-7.666],[-35.464,-7.671],[-35.475,-7.677],[-35.512,-7.656],[-35.515,-7.657],[-35.52,-7.662],[-35.527,-7.652],[-35.527,-7.645],[-35.515,-7.643],[-35.531,-7.621],[-35.525,-7.607],[-35.518,-7.606],[-35.521,-7.596],[-35.518,-7.589],[-35.515,-7.585],[-35.531,-7.59],[-35.538,-7.586],[-35.537,-7.58],[-35.527,-7.57],[-35.524,-7.558],[-35.52,-7.55],[-35.519,-7.535],[-35.51,-7.528],[-35.509,-7.517],[-35.505,-7.514],[-35.502,-7.512],[-35.491,-7.528],[-35.488,-7.556]]]}},{"type":"Feature","properties":{"id":"2613909","name":"Serra Talhada"},"geometry":{"type":"Polygon","coordinates":[[[-38.357,-7.677],[-38.344,-7.695],[-38.337,-7.693],[-38.33,-7.696],[-38.326,-7.693],[-38.32,-7.698],[-38.316,-7.709],[-38.317,-7.715],[-38.312,-7.716],[-38.316,-7.728],[-38.311,-7.739],[-38.302,-7.745],[-38.316,-7.764],[-38.299,-7.763],[-38.301,-7.768],[-38.295,-7.779],[-38.302,-7.788],[-38.297,-7.814],[-38.286,-7.83],[-38.276,-7.833],[-38.265,-7.828],[-38.257,-7.831],[-38.238,-7.83],[-38.235,-7.826],[-38.222,-7.82],[-38.206,-7.838],[-38.224,-7.866],[-38.223,-7.871],[-38.223,-7.885],[-38.238,-7.906],[-38.219,-7.906],[-38.218,-7.905],[-38.173,-7.905],[-38.163,-7.905],[-38.167,-7.927],[-38.164,-7.934],[-38.158,-7.936],[-38.152,-7.943],[-38.149,-7.945],[-38.142,-7.96],[-38.116,-8.014],[-38.114,-8.019],[-38.097,-8.053],[-38.063,-8.093],[-38.028,-8.133],[-38.027,-8.139],[-38.048,-8.151],[-38.062,-8.148],[-38.085,-8.164],[-38.095,-8.179],[-38.106,-8.186],[-38.114,-8.202],[-38.113,-8.214],[-38.118,-8.22],[-38.133,-8.215],[-38.141,-8.221],[-38.152,-8.223],[-38.163,-8.236],[-38.174,-8.247],[-38.167,-8.256],[-38.167,-8.266],[-38.177,-8.268],[-38.178,-8.276],[-38.189,-8.279],[-38.198,-8.279],[-38.206,-8.285],[-38.232,-8.271],[-38.243,-8.261],[-38.25,-8.263],[-38.263,-8.253],[-38.281,-8.273],[-38.292,-8.286],[-38.301,-8.288],[-38.304,-8.286],[-38.314,-8.291],[-38.333,-8.29],[-38.337,-8.283],[-38.347,-8.287],[-38.359,-8.284],[-38.363,-8.279],[-38.379,-8.29],[-38.406,-8.305],[-38.412,-8.315],[-38.413,-8.316],[-38.418,-8.324],[-38.416,-8.34],[-38.431,-8.348],[-38.427,-8.354],[-38.436,-8.356],[-38.442,-8.37],[-38.45,-8.367],[-38.453,-8.369],[-38.462,-8.39],[-38.468,-8.394],[-38.471,-8.406],[-38.48,-8.414],[-38.487,-8.417],[-38.489,-8.421],[-38.494,-8.421],[-38.497,-8.432],[-38.507,-8.438],[-38.518,-8.441],[-38.514,-8.429],[-38.513,-8.404],[-38.517,-8.398],[-38.504,-8.361],[-38.509,-8.349],[-38.5,-8.336],[-38.491,-8.337],[-38.485,-8.325],[-38.486,-8.314],[-38.499,-8.32],[-38.504,-8.318],[-38.506,-8.306],[-38.516,-8.303],[-38.536,-8.288],[-38.549,-8.288],[-38.553,-8.272],[-38.553,-8.27],[-38.555,-8.263],[-38.549,-8.259],[-38.549,-8.251],[-38.542,-8.248],[-38.535,-8.251],[-38.53,-8.246],[-38.53,-8.239],[-38.526,-8.237],[-38.53,-8.237],[-38.536,-8.23],[-38.583,-8.139],[-38.589,-8.128],[-38.598,-8.132],[-38.62,-8.098],[-38.618,-8.086],[-38.607,-8.037],[-38.592,-8.007],[-38.574,-7.971],[-38.558,-7.94],[-38.555,-7.905],[-38.567,-7.891],[-38.591,-7.864],[-38.617,-7.834],[-38.618,-7.832],[-38.627,-7.822],[-38.627,-7.817],[-38.624,-7.792],[-38.623,-7.786],[-38.593,-7.754],[-38.59,-7.755],[-38.579,-7.746],[-38.574,-7.754],[-38.572,-7.751],[-38.56,-7.757],[-38.546,-7.749],[-38.529,-7.755],[-38.516,-7.749],[-38.496,-7.75],[-38.495,-7.738],[-38.49,-7.734],[-38.464,-7.73],[-38.457,-7.718],[-38.45,-7.717],[-38.434,-7.72],[-38.427,-7.73],[-38.412,-7.73],[-38.409,-7.73],[-38.401,-7.72],[-38.404,-7.714],[-38.382,-7.707],[-38.371,-7.698],[-38.37,-7.692],[-38.361,-7.686],[-38.357,-7.677]]]}},{"type":"Feature","properties":{"id":"2614006","name":"Serrita"},"geometry":{"type":"Polygon","coordinates":[[[-39.321,-7.654],[-39.311,-7.655],[-39.305,-7.666],[-39.283,-7.664],[-39.272,-7.66],[-39.266,-7.664],[-39.265,-7.669],[-39.252,-7.678],[-39.251,-7.681],[-39.247,-7.69],[-39.25,-7.698],[-39.258,-7.703],[-39.265,-7.724],[-39.273,-7.73],[-39.278,-7.733],[-39.278,-7.745],[-39.283,-7.751],[-39.277,-7.761],[-39.271,-7.771],[-39.274,-7.786],[-39.269,-7.789],[-39.21,-7.784],[-39.17,-7.781],[-39.165,-7.78],[-39.116,-7.776],[-39.142,-7.798],[-39.144,-7.814],[-39.146,-7.819],[-39.146,-7.827],[-39.22,-7.901],[-39.22,-7.909],[-39.225,-7.915],[-39.223,-7.924],[-39.231,-7.933],[-39.223,-7.949],[-39.223,-7.95],[-39.223,-7.965],[-39.235,-7.984],[-39.236,-8.002],[-39.232,-8.01],[-39.238,-8.016],[-39.238,-8.025],[-39.247,-8.031],[-39.261,-8.033],[-39.263,-8.04],[-39.27,-8.039],[-39.275,-8.043],[-39.281,-8.043],[-39.286,-8.049],[-39.298,-8.045],[-39.307,-8.051],[-39.316,-8.05],[-39.324,-8.053],[-39.338,-8.051],[-39.341,-8.053],[-39.366,-8.05],[-39.439,-8.059],[-39.453,-8.061],[-39.46,-8.056],[-39.467,-8.056],[-39.482,-8.04],[-39.482,-8.036],[-39.48,-8.027],[-39.486,-8.006],[-39.485,-8.0],[-39.464,-7.976],[-39.461,-7.961],[-39.453,-7.951],[-39.559,-7.985],[-39.569,-7.988],[-39.565,-7.973],[-39.571,-7.968],[-39.568,-7.963],[-39.571,-7.955],[-39.566,-7.95],[-39.577,-7.936],[-39.558,-7.925],[-39.557,-7.911],[-39.56,-7.903],[-39.566,-7.902],[-39.571,-7.895],[-39.572,-7.88],[-39.565,-7.876],[-39.573,-7.87],[-39.566,-7.856],[-39.563,-7.856],[-39.565,-7.854],[-39.56,-7.853],[-39.56,-7.851],[-39.574,-7.832],[-39.573,-7.822],[-39.562,-7.816],[-39.572,-7.805],[-39.569,-7.791],[-39.576,-7.783],[-39.591,-7.775],[-39.588,-7.77],[-39.59,-7.765],[-39.582,-7.758],[-39.578,-7.76],[-39.574,-7.744],[-39.57,-7.744],[-39.568,-7.736],[-39.55,-7.742],[-39.531,-7.742],[-39.521,-7.738],[-39.518,-7.744],[-39.511,-7.739],[-39.511,-7.729],[-39.501,-7.725],[-39.502,-7.721],[-39.509,-7.707],[-39.509,-7.697],[-39.502,-7.689],[-39.501,-7.679],[-39.495,-7.677],[-39.493,-7.669],[-39.48,-7.667],[-39.455,-7.654],[-39.449,-7.654],[-39.448,-7.659],[-39.442,-7.659],[-39.392,-7.617],[-39.392,-7.616],[-39.384,-7.608],[-39.372,-7.614],[-39.368,-7.624],[-39.354,-7.63],[-39.342,-7.635],[-39.338,-7.644],[-39.332,-7.648],[-39.321,-7.654]]]}},{"type":"Feature","properties":{"id":"2614105","name":"Sertânia"},"geometry":{"type":"Polygon","coordinates":[[[-37.418,-7.946],[-37.403,-7.957],[-37.38,-7.958],[-37.354,-7.954],[-37.35,-7.948],[-37.348,-7.955],[-37.356,-7.972],[-37.356,-7.975],[-37.341,-7.974],[-37.339,-7.979],[-37.317,-7.968],[-37.303,-7.97],[-37.295,-7.965],[-37.277,-7.972],[-37.263,-7.968],[-37.247,-7.969],[-37.237,-7.973],[-37.23,-7.969],[-37.228,-7.972],[-37.219,-7.972],[-37.221,-7.962],[-37.217,-7.956],[-37.213,-7.955],[-37.207,-7.952],[-37.192,-7.96],[-37.193,-7.982],[-37.188,-7.983],[-37.185,-7.99],[-37.178,-7.99],[-37.175,-7.996],[-37.16,-7.997],[-37.151,-8.009],[-37.149,-8.022],[-37.149,-8.023],[-37.148,-8.035],[-37.158,-8.051],[-37.157,-8.064],[-37.145,-8.082],[-37.143,-8.088],[-37.147,-8.1],[-37.142,-8.118],[-37.144,-8.125],[-37.153,-8.127],[-37.158,-8.138],[-37.151,-8.15],[-37.163,-8.158],[-37.16,-8.17],[-37.141,-8.177],[-37.126,-8.173],[-37.118,-8.175],[-37.118,-8.18],[-37.126,-8.191],[-37.123,-8.209],[-37.1,-8.233],[-37.09,-8.231],[-37.081,-8.221],[-37.067,-8.23],[-37.066,-8.233],[-37.08,-8.241],[-37.081,-8.266],[-37.04,-8.266],[-37.02,-8.289],[-37.032,-8.299],[-37.029,-8.304],[-37.036,-8.314],[-37.036,-8.323],[-37.048,-8.348],[-37.071,-8.353],[-37.081,-8.366],[-37.093,-8.369],[-37.099,-8.376],[-37.102,-8.384],[-37.11,-8.385],[-37.12,-8.395],[-37.149,-8.403],[-37.16,-8.404],[-37.164,-8.41],[-37.177,-8.416],[-37.184,-8.416],[-37.187,-8.42],[-37.202,-8.417],[-37.203,-8.416],[-37.208,-8.407],[-37.223,-8.405],[-37.233,-8.402],[-37.235,-8.398],[-37.241,-8.397],[-37.249,-8.39],[-37.255,-8.39],[-37.261,-8.399],[-37.282,-8.388],[-37.306,-8.397],[-37.309,-8.401],[-37.34,-8.404],[-37.348,-8.402],[-37.363,-8.405],[-37.368,-8.418],[-37.383,-8.413],[-37.383,-8.416],[-37.395,-8.422],[-37.396,-8.43],[-37.402,-8.427],[-37.405,-8.433],[-37.418,-8.437],[-37.421,-8.452],[-37.43,-8.444],[-37.434,-8.445],[-37.435,-8.456],[-37.442,-8.454],[-37.46,-8.459],[-37.468,-8.45],[-37.48,-8.44],[-37.489,-8.441],[-37.494,-8.437],[-37.5,-8.441],[-37.507,-8.436],[-37.51,-8.44],[-37.519,-8.438],[-37.526,-8.44],[-37.528,-8.433],[-37.539,-8.431],[-37.554,-8.418],[-37.557,-8.412],[-37.572,-8.411],[-37.578,-8.404],[-37.6,-8.408],[-37.612,-8.415],[-37.619,-8.413],[-37.618,-8.377],[-37.616,-8.374],[-37.618,-8.368],[-37.606,-8.36],[-37.601,-8.334],[-37.603,-8.326],[-37.599,-8.318],[-37.583,-8.301],[-37.576,-8.284],[-37.567,-8.276],[-37.574,-8.269],[-37.571,-8.264],[-37.569,-8.265],[-37.562,-8.266],[-37.533,-8.227],[-37.539,-8.223],[-37.539,-8.212],[-37.534,-8.206],[-37.537,-8.2],[-37.527,-8.201],[-37.517,-8.186],[-37.518,-8.163],[-37.525,-8.142],[-37.532,-8.137],[-37.532,-8.124],[-37.532,-8.122],[-37.53,-8.09],[-37.523,-8.081],[-37.511,-8.057],[-37.523,-8.025],[-37.533,-7.999],[-37.541,-7.978],[-37.532,-7.971],[-37.507,-7.967],[-37.494,-7.967],[-37.486,-7.973],[-37.481,-7.972],[-37.474,-7.965],[-37.471,-7.955],[-37.469,-7.942],[-37.455,-7.951],[-37.439,-7.948],[-37.436,-7.942],[-37.43,-7.94],[-37.425,-7.94],[-37.418,-7.946]]]}},{"type":"Feature","properties":{"id":"2614204","name":"Sirinhaém"},"geometry":{"type":"Polygon","coordinates":[[[-35.072,-8.58],[-35.073,-8.582],[-35.069,-8.584],[-35.063,-8.593],[-35.065,-8.596],[-35.058,-8.602],[-35.047,-8.605],[-35.046,-8.606],[-35.046,-8.615],[-35.056,-8.626],[-35.071,-8.655],[-35.069,-8.672],[-35.08,-8.68],[-35.085,-8.691],[-35.102,-8.686],[-35.11,-8.683],[-35.113,-8.677],[-35.116,-8.661],[-35.119,-8.661],[-35.128,-8.647],[-35.131,-8.644],[-35.14,-8.645],[-35.182,-8.585],[-35.185,-8.606],[-35.201,-8.64],[-35.212,-8.649],[-35.215,-8.647],[-35.224,-8.652],[-35.228,-8.65],[-35.233,-8.653],[-35.247,-8.653],[-35.256,-8.641],[-35.259,-8.637],[-35.264,-8.63],[-35.268,-8.595],[-35.28,-8.56],[-35.278,-8.556],[-35.268,-8.529],[-35.269,-8.514],[-35.272,-8.487],[-35.272,-8.478],[-35.262,-8.477],[-35.24,-8.475],[-35.203,-8.479],[-35.192,-8.478],[-35.168,-8.478],[-35.163,-8.485],[-35.153,-8.487],[-35.144,-8.49],[-35.142,-8.5],[-35.129,-8.512],[-35.126,-8.514],[-35.118,-8.516],[-35.09,-8.525],[-35.076,-8.531],[-35.076,-8.536],[-35.083,-8.546],[-35.081,-8.556],[-35.074,-8.559],[-35.07,-8.567],[-35.072,-8.58]]]}},{"type":"Feature","properties":{"id":"2614303","name":"Moreilândia"},"geometry":{"type":"Polygon","coordinates":[[[-39.489,-7.472],[-39.475,-7.472],[-39.467,-7.469],[-39.458,-7.474],[-39.455,-7.501],[-39.469,-7.52],[-39.482,-7.53],[-39.485,-7.538],[-39.476,-7.553],[-39.472,-7.575],[-39.447,-7.572],[-39.435,-7.573],[-39.431,-7.578],[-39.423,-7.586],[-39.419,-7.604],[-39.384,-7.608],[-39.392,-7.616],[-39.392,-7.617],[-39.442,-7.659],[-39.448,-7.659],[-39.449,-7.654],[-39.455,-7.654],[-39.48,-7.667],[-39.493,-7.669],[-39.495,-7.677],[-39.501,-7.679],[-39.502,-7.689],[-39.509,-7.697],[-39.509,-7.707],[-39.502,-7.721],[-39.501,-7.725],[-39.511,-7.729],[-39.511,-7.739],[-39.518,-7.744],[-39.521,-7.738],[-39.531,-7.742],[-39.55,-7.742],[-39.568,-7.736],[-39.57,-7.744],[-39.574,-7.744],[-39.578,-7.76],[-39.582,-7.758],[-39.59,-7.765],[-39.598,-7.757],[-39.607,-7.753],[-39.61,-7.731],[-39.617,-7.722],[-39.611,-7.714],[-39.612,-7.708],[-39.609,-7.696],[-39.611,-7.691],[-39.606,-7.686],[-39.608,-7.68],[-39.604,-7.677],[-39.612,-7.664],[-39.608,-7.656],[-39.614,-7.651],[-39.616,-7.641],[-39.616,-7.64],[-39.609,-7.637],[-39.601,-7.628],[-39.605,-7.621],[-39.601,-7.61],[-39.584,-7.596],[-39.577,-7.597],[-39.566,-7.577],[-39.561,-7.576],[-39.553,-7.568],[-39.555,-7.559],[-39.556,-7.549],[-39.56,-7.546],[-39.558,-7.53],[-39.55,-7.52],[-39.546,-7.509],[-39.545,-7.484],[-39.543,-7.484],[-39.502,-7.464],[-39.489,-7.472]]]}},{"type":"Feature","properties":{"id":"2614402","name":"Solidão"},"geometry":{"type":"Polygon","coordinates":[[[-37.659,-7.523],[-37.649,-7.53],[-37.644,-7.529],[-37.63,-7.532],[-37.62,-7.525],[-37.583,-7.6],[-37.558,-7.639],[-37.57,-7.632],[-37.578,-7.634],[-37.583,-7.633],[-37.584,-7.629],[-37.593,-7.626],[-37.596,-7.629],[-37.598,-7.627],[-37.617,-7.627],[-37.622,-7.631],[-37.624,-7.632],[-37.634,-7.638],[-37.639,-7.633],[-37.645,-7.633],[-37.651,-7.617],[-37.656,-7.613],[-37.658,-7.617],[-37.673,-7.616],[-37.678,-7.607],[-37.68,-7.613],[-37.688,-7.618],[-37.704,-7.617],[-37.706,-7.614],[-37.723,-7.616],[-37.745,-7.609],[-37.744,-7.604],[-37.741,-7.597],[-37.735,-7.597],[-37.728,-7.579],[-37.721,-7.581],[-37.711,-7.573],[-37.706,-7.569],[-37.71,-7.559],[-37.706,-7.55],[-37.682,-7.548],[-37.676,-7.535],[-37.659,-7.523]]]}},{"type":"Feature","properties":{"id":"2614501","name":"Surubim"},"geometry":{"type":"Polygon","coordinates":[[[-35.802,-7.803],[-35.801,-7.803],[-35.793,-7.806],[-35.791,-7.807],[-35.79,-7.809],[-35.79,-7.81],[-35.789,-7.811],[-35.787,-7.81],[-35.786,-7.81],[-35.785,-7.81],[-35.778,-7.809],[-35.778,-7.81],[-35.773,-7.812],[-35.769,-7.81],[-35.767,-7.81],[-35.76,-7.81],[-35.759,-7.809],[-35.757,-7.81],[-35.756,-7.81],[-35.753,-7.808],[-35.752,-7.809],[-35.747,-7.814],[-35.745,-7.815],[-35.744,-7.816],[-35.743,-7.82],[-35.742,-7.82],[-35.742,-7.822],[-35.742,-7.824],[-35.742,-7.825],[-35.739,-7.823],[-35.739,-7.82],[-35.739,-7.819],[-35.739,-7.818],[-35.738,-7.816],[-35.735,-7.816],[-35.734,-7.815],[-35.732,-7.817],[-35.732,-7.818],[-35.727,-7.824],[-35.725,-7.825],[-35.725,-7.826],[-35.721,-7.831],[-35.717,-7.826],[-35.714,-7.827],[-35.714,-7.828],[-35.708,-7.831],[-35.703,-7.833],[-35.702,-7.833],[-35.701,-7.834],[-35.7,-7.836],[-35.699,-7.837],[-35.699,-7.838],[-35.698,-7.841],[-35.698,-7.842],[-35.698,-7.843],[-35.7,-7.848],[-35.687,-7.847],[-35.686,-7.861],[-35.685,-7.869],[-35.69,-7.879],[-35.689,-7.888],[-35.695,-7.894],[-35.691,-7.896],[-35.694,-7.9],[-35.684,-7.908],[-35.681,-7.91],[-35.675,-7.912],[-35.677,-7.919],[-35.67,-7.917],[-35.663,-7.925],[-35.656,-7.925],[-35.651,-7.934],[-35.655,-7.941],[-35.654,-7.944],[-35.668,-7.946],[-35.688,-7.959],[-35.696,-7.957],[-35.701,-7.957],[-35.705,-7.957],[-35.714,-7.959],[-35.721,-7.961],[-35.74,-7.965],[-35.757,-7.975],[-35.764,-7.978],[-35.767,-7.975],[-35.775,-7.969],[-35.788,-7.969],[-35.805,-7.973],[-35.809,-7.97],[-35.809,-7.961],[-35.817,-7.956],[-35.814,-7.943],[-35.819,-7.936],[-35.818,-7.931],[-35.811,-7.929],[-35.808,-7.917],[-35.813,-7.913],[-35.811,-7.902],[-35.817,-7.896],[-35.815,-7.89],[-35.819,-7.875],[-35.823,-7.864],[-35.822,-7.859],[-35.83,-7.842],[-35.832,-7.838],[-35.843,-7.815],[-35.846,-7.808],[-35.844,-7.808],[-35.843,-7.808],[-35.843,-7.811],[-35.839,-7.815],[-35.825,-7.809],[-35.823,-7.808],[-35.821,-7.808],[-35.82,-7.809],[-35.819,-7.81],[-35.813,-7.811],[-35.807,-7.806],[-35.804,-7.805],[-35.802,-7.803]]]}},{"type":"Feature","properties":{"id":"2614600","name":"Tabira"},"geometry":{"type":"Polygon","coordinates":[[[-37.442,-7.667],[-37.459,-7.668],[-37.461,-7.672],[-37.47,-7.673],[-37.475,-7.669],[-37.495,-7.68],[-37.495,-7.692],[-37.501,-7.693],[-37.5,-7.698],[-37.518,-7.703],[-37.521,-7.709],[-37.532,-7.709],[-37.538,-7.718],[-37.545,-7.711],[-37.552,-7.718],[-37.556,-7.715],[-37.552,-7.702],[-37.557,-7.689],[-37.553,-7.679],[-37.557,-7.669],[-37.549,-7.665],[-37.554,-7.661],[-37.55,-7.659],[-37.55,-7.651],[-37.56,-7.646],[-37.557,-7.641],[-37.558,-7.639],[-37.583,-7.6],[-37.62,-7.525],[-37.611,-7.518],[-37.609,-7.508],[-37.586,-7.499],[-37.571,-7.489],[-37.552,-7.479],[-37.533,-7.473],[-37.528,-7.465],[-37.528,-7.46],[-37.527,-7.448],[-37.521,-7.439],[-37.492,-7.456],[-37.469,-7.486],[-37.464,-7.488],[-37.459,-7.489],[-37.463,-7.495],[-37.459,-7.499],[-37.461,-7.504],[-37.455,-7.504],[-37.451,-7.509],[-37.45,-7.523],[-37.45,-7.535],[-37.433,-7.545],[-37.431,-7.556],[-37.432,-7.583],[-37.432,-7.584],[-37.43,-7.59],[-37.438,-7.596],[-37.437,-7.601],[-37.427,-7.617],[-37.427,-7.632],[-37.416,-7.642],[-37.418,-7.649],[-37.432,-7.663],[-37.442,-7.667]]]}},{"type":"Feature","properties":{"id":"2614709","name":"Tacaimbó"},"geometry":{"type":"Polygon","coordinates":[[[-36.228,-8.285],[-36.223,-8.312],[-36.214,-8.313],[-36.217,-8.314],[-36.214,-8.318],[-36.219,-8.324],[-36.218,-8.329],[-36.21,-8.338],[-36.213,-8.343],[-36.208,-8.352],[-36.213,-8.36],[-36.214,-8.367],[-36.219,-8.37],[-36.222,-8.372],[-36.232,-8.401],[-36.217,-8.419],[-36.221,-8.423],[-36.215,-8.431],[-36.218,-8.444],[-36.212,-8.452],[-36.224,-8.453],[-36.245,-8.442],[-36.255,-8.437],[-36.269,-8.43],[-36.302,-8.413],[-36.302,-8.412],[-36.336,-8.394],[-36.332,-8.381],[-36.353,-8.387],[-36.361,-8.389],[-36.351,-8.364],[-36.342,-8.34],[-36.335,-8.322],[-36.338,-8.307],[-36.333,-8.296],[-36.315,-8.29],[-36.316,-8.296],[-36.3,-8.285],[-36.267,-8.283],[-36.25,-8.275],[-36.23,-8.254],[-36.208,-8.239],[-36.207,-8.225],[-36.206,-8.225],[-36.193,-8.236],[-36.185,-8.256],[-36.21,-8.271],[-36.211,-8.279],[-36.228,-8.285]]]}},{"type":"Feature","properties":{"id":"2614808","name":"Tacaratu"},"geometry":{"type":"Polygon","coordinates":[[[-38.006,-8.68],[-38.006,-8.813],[-38.006,-8.814],[-38.005,-8.962],[-37.993,-8.996],[-37.988,-9.0],[-37.978,-9.019],[-37.961,-8.999],[-37.948,-8.998],[-37.933,-8.998],[-37.892,-8.963],[-37.882,-8.95],[-37.865,-8.959],[-37.848,-8.94],[-37.826,-8.932],[-37.826,-8.934],[-37.839,-8.978],[-37.846,-8.984],[-37.852,-8.997],[-37.853,-9.0],[-37.867,-9.011],[-37.874,-9.011],[-37.879,-9.015],[-37.875,-9.024],[-37.878,-9.037],[-37.882,-9.04],[-37.889,-9.034],[-37.905,-9.04],[-37.908,-9.052],[-37.939,-9.083],[-37.942,-9.092],[-37.951,-9.097],[-37.954,-9.109],[-37.957,-9.115],[-37.971,-9.125],[-37.979,-9.148],[-37.991,-9.155],[-37.999,-9.152],[-38.011,-9.156],[-38.025,-9.155],[-38.03,-9.165],[-38.044,-9.168],[-38.052,-9.167],[-38.066,-9.174],[-38.079,-9.17],[-38.092,-9.172],[-38.105,-9.17],[-38.125,-9.166],[-38.126,-9.166],[-38.156,-9.16],[-38.158,-9.16],[-38.159,-9.159],[-38.198,-9.152],[-38.204,-9.105],[-38.205,-9.104],[-38.207,-9.068],[-38.211,-8.997],[-38.212,-8.979],[-38.205,-8.95],[-38.211,-8.931],[-38.21,-8.919],[-38.215,-8.904],[-38.214,-8.887],[-38.224,-8.865],[-38.236,-8.855],[-38.13,-8.749],[-38.065,-8.684],[-38.062,-8.691],[-38.049,-8.686],[-38.04,-8.674],[-38.04,-8.663],[-38.039,-8.658],[-38.024,-8.652],[-38.021,-8.656],[-38.018,-8.659],[-38.01,-8.667],[-38.006,-8.68]]]}},{"type":"Feature","properties":{"id":"2614857","name":"Tamandaré"},"geometry":{"type":"Polygon","coordinates":[[[-35.09,-8.729],[-35.086,-8.747],[-35.105,-8.768],[-35.106,-8.776],[-35.103,-8.785],[-35.118,-8.799],[-35.126,-8.801],[-35.133,-8.787],[-35.147,-8.781],[-35.151,-8.775],[-35.16,-8.778],[-35.177,-8.775],[-35.184,-8.769],[-35.192,-8.774],[-35.223,-8.753],[-35.234,-8.757],[-35.247,-8.776],[-35.25,-8.77],[-35.259,-8.772],[-35.259,-8.778],[-35.254,-8.782],[-35.263,-8.783],[-35.265,-8.779],[-35.277,-8.786],[-35.282,-8.788],[-35.284,-8.789],[-35.285,-8.789],[-35.291,-8.786],[-35.302,-8.792],[-35.316,-8.792],[-35.361,-8.806],[-35.347,-8.768],[-35.34,-8.747],[-35.341,-8.725],[-35.338,-8.723],[-35.325,-8.72],[-35.271,-8.703],[-35.265,-8.701],[-35.264,-8.701],[-35.249,-8.696],[-35.192,-8.716],[-35.179,-8.721],[-35.171,-8.724],[-35.14,-8.735],[-35.136,-8.74],[-35.104,-8.734],[-35.104,-8.73],[-35.096,-8.727],[-35.097,-8.721],[-35.095,-8.712],[-35.101,-8.708],[-35.104,-8.696],[-35.102,-8.686],[-35.085,-8.691],[-35.079,-8.703],[-35.079,-8.711],[-35.087,-8.719],[-35.09,-8.729]]]}},{"type":"Feature","properties":{"id":"2615003","name":"Taquaritinga do Norte"},"geometry":{"type":"Polygon","coordinates":[[[-36.206,-7.77],[-36.201,-7.789],[-36.182,-7.783],[-36.143,-7.781],[-36.126,-7.784],[-36.117,-7.785],[-36.103,-7.779],[-36.069,-7.781],[-36.054,-7.801],[-36.043,-7.793],[-36.035,-7.796],[-36.021,-7.81],[-36.003,-7.812],[-36.002,-7.816],[-36.006,-7.817],[-36.015,-7.814],[-36.024,-7.819],[-36.025,-7.824],[-36.021,-7.827],[-36.02,-7.837],[-36.016,-7.837],[-36.019,-7.845],[-36.013,-7.853],[-36.01,-7.872],[-36.01,-7.876],[-36.012,-7.893],[-36.017,-7.903],[-36.026,-7.907],[-36.031,-7.915],[-36.023,-7.922],[-36.037,-7.931],[-36.043,-7.94],[-36.045,-7.944],[-36.047,-7.947],[-36.048,-7.948],[-36.051,-7.957],[-36.071,-7.98],[-36.091,-8.0],[-36.097,-8.004],[-36.109,-8.004],[-36.111,-7.996],[-36.106,-7.978],[-36.111,-7.977],[-36.112,-7.97],[-36.118,-7.969],[-36.126,-7.967],[-36.131,-7.97],[-36.135,-7.964],[-36.142,-7.964],[-36.149,-7.964],[-36.149,-7.972],[-36.159,-7.972],[-36.16,-7.965],[-36.164,-7.966],[-36.172,-7.957],[-36.169,-7.939],[-36.194,-7.923],[-36.243,-7.892],[-36.264,-7.87],[-36.263,-7.831],[-36.253,-7.83],[-36.24,-7.817],[-36.239,-7.811],[-36.254,-7.801],[-36.254,-7.796],[-36.246,-7.785],[-36.216,-7.764],[-36.206,-7.77]]]}},{"type":"Feature","properties":{"id":"2615102","name":"Terezinha"},"geometry":{"type":"Polygon","coordinates":[[[-36.592,-9.041],[-36.597,-9.051],[-36.587,-9.044],[-36.585,-9.049],[-36.582,-9.05],[-36.581,-9.058],[-36.577,-9.058],[-36.578,-9.064],[-36.57,-9.064],[-36.57,-9.069],[-36.56,-9.07],[-36.567,-9.077],[-36.563,-9.078],[-36.557,-9.072],[-36.544,-9.079],[-36.542,-9.092],[-36.548,-9.096],[-36.545,-9.1],[-36.535,-9.098],[-36.533,-9.101],[-36.563,-9.119],[-36.575,-9.119],[-36.609,-9.121],[-36.616,-9.116],[-36.622,-9.121],[-36.625,-9.116],[-36.632,-9.115],[-36.635,-9.12],[-36.645,-9.123],[-36.657,-9.127],[-36.667,-9.123],[-36.676,-9.125],[-36.696,-9.114],[-36.707,-9.113],[-36.704,-9.096],[-36.689,-9.066],[-36.691,-9.051],[-36.688,-9.02],[-36.684,-9.02],[-36.637,-9.02],[-36.6,-9.033],[-36.596,-9.039],[-36.592,-9.041]]]}},{"type":"Feature","properties":{"id":"2615201","name":"Terra Nova"},"geometry":{"type":"Polygon","coordinates":[[[-39.366,-8.05],[-39.341,-8.053],[-39.338,-8.051],[-39.324,-8.053],[-39.316,-8.05],[-39.307,-8.051],[-39.273,-8.069],[-39.272,-8.07],[-39.252,-8.08],[-39.243,-8.093],[-39.246,-8.098],[-39.248,-8.096],[-39.263,-8.123],[-39.273,-8.127],[-39.276,-8.132],[-39.283,-8.133],[-39.286,-8.147],[-39.3,-8.158],[-39.308,-8.171],[-39.311,-8.176],[-39.317,-8.182],[-39.33,-8.187],[-39.337,-8.184],[-39.336,-8.194],[-39.341,-8.199],[-39.349,-8.199],[-39.35,-8.204],[-39.354,-8.203],[-39.356,-8.196],[-39.366,-8.203],[-39.371,-8.215],[-39.377,-8.218],[-39.371,-8.221],[-39.372,-8.225],[-39.373,-8.23],[-39.377,-8.238],[-39.379,-8.243],[-39.369,-8.249],[-39.377,-8.254],[-39.379,-8.259],[-39.385,-8.253],[-39.391,-8.253],[-39.394,-8.248],[-39.407,-8.247],[-39.414,-8.24],[-39.425,-8.245],[-39.43,-8.243],[-39.447,-8.246],[-39.453,-8.242],[-39.459,-8.242],[-39.464,-8.238],[-39.461,-8.234],[-39.47,-8.219],[-39.482,-8.222],[-39.483,-8.219],[-39.492,-8.217],[-39.496,-8.212],[-39.5,-8.218],[-39.513,-8.213],[-39.524,-8.216],[-39.542,-8.206],[-39.546,-8.196],[-39.484,-8.148],[-39.467,-8.138],[-39.452,-8.144],[-39.446,-8.14],[-39.435,-8.15],[-39.425,-8.149],[-39.426,-8.145],[-39.429,-8.142],[-39.425,-8.135],[-39.431,-8.126],[-39.431,-8.12],[-39.413,-8.119],[-39.413,-8.111],[-39.407,-8.109],[-39.409,-8.103],[-39.406,-8.099],[-39.399,-8.087],[-39.398,-8.074],[-39.391,-8.075],[-39.387,-8.068],[-39.381,-8.067],[-39.366,-8.05]]]}},{"type":"Feature","properties":{"id":"2615300","name":"Timbaúba"},"geometry":{"type":"Polygon","coordinates":[[[-35.348,-7.422],[-35.344,-7.422],[-35.342,-7.422],[-35.334,-7.43],[-35.334,-7.435],[-35.337,-7.437],[-35.329,-7.454],[-35.319,-7.457],[-35.314,-7.475],[-35.314,-7.476],[-35.315,-7.489],[-35.297,-7.495],[-35.272,-7.496],[-35.264,-7.494],[-35.261,-7.492],[-35.238,-7.5],[-35.235,-7.501],[-35.231,-7.518],[-35.23,-7.515],[-35.217,-7.523],[-35.208,-7.522],[-35.216,-7.526],[-35.221,-7.532],[-35.235,-7.537],[-35.195,-7.552],[-35.188,-7.547],[-35.182,-7.549],[-35.173,-7.568],[-35.171,-7.573],[-35.174,-7.574],[-35.174,-7.58],[-35.177,-7.582],[-35.18,-7.579],[-35.185,-7.585],[-35.193,-7.582],[-35.197,-7.585],[-35.204,-7.579],[-35.214,-7.563],[-35.221,-7.569],[-35.23,-7.568],[-35.235,-7.563],[-35.255,-7.544],[-35.258,-7.552],[-35.263,-7.566],[-35.273,-7.591],[-35.286,-7.599],[-35.293,-7.599],[-35.3,-7.605],[-35.307,-7.612],[-35.324,-7.61],[-35.334,-7.614],[-35.348,-7.611],[-35.361,-7.616],[-35.369,-7.611],[-35.372,-7.613],[-35.383,-7.611],[-35.386,-7.618],[-35.403,-7.617],[-35.408,-7.62],[-35.419,-7.614],[-35.425,-7.615],[-35.429,-7.616],[-35.422,-7.6],[-35.419,-7.59],[-35.413,-7.577],[-35.425,-7.583],[-35.43,-7.578],[-35.419,-7.564],[-35.413,-7.566],[-35.409,-7.563],[-35.409,-7.557],[-35.405,-7.554],[-35.411,-7.527],[-35.411,-7.526],[-35.416,-7.495],[-35.425,-7.482],[-35.426,-7.481],[-35.434,-7.47],[-35.422,-7.475],[-35.415,-7.472],[-35.408,-7.461],[-35.382,-7.449],[-35.38,-7.448],[-35.376,-7.448],[-35.369,-7.44],[-35.363,-7.442],[-35.351,-7.44],[-35.348,-7.435],[-35.352,-7.422],[-35.348,-7.422]]]}},{"type":"Feature","properties":{"id":"2615409","name":"Toritama"},"geometry":{"type":"Polygon","coordinates":[[[-36.048,-7.987],[-36.041,-7.989],[-36.036,-7.984],[-36.028,-7.983],[-36.011,-7.987],[-36.008,-7.994],[-36.011,-8.004],[-36.035,-8.006],[-36.043,-8.006],[-36.057,-8.011],[-36.077,-8.017],[-36.082,-8.022],[-36.089,-8.016],[-36.1,-8.012],[-36.097,-8.004],[-36.091,-8.0],[-36.071,-7.98],[-36.055,-7.979],[-36.048,-7.987]]]}},{"type":"Feature","properties":{"id":"2615508","name":"Tracunhaém"},"geometry":{"type":"Polygon","coordinates":[[[-35.099,-7.722],[-35.105,-7.726],[-35.11,-7.735],[-35.11,-7.749],[-35.136,-7.787],[-35.138,-7.791],[-35.14,-7.794],[-35.146,-7.826],[-35.224,-7.821],[-35.226,-7.821],[-35.247,-7.808],[-35.245,-7.797],[-35.225,-7.783],[-35.206,-7.77],[-35.199,-7.768],[-35.195,-7.759],[-35.183,-7.76],[-35.182,-7.756],[-35.178,-7.757],[-35.174,-7.74],[-35.168,-7.732],[-35.17,-7.727],[-35.166,-7.725],[-35.159,-7.725],[-35.156,-7.72],[-35.13,-7.709],[-35.119,-7.708],[-35.116,-7.705],[-35.118,-7.703],[-35.112,-7.698],[-35.115,-7.694],[-35.108,-7.679],[-35.102,-7.674],[-35.091,-7.675],[-35.092,-7.678],[-35.087,-7.681],[-35.091,-7.691],[-35.091,-7.692],[-35.098,-7.715],[-35.099,-7.722]]]}},{"type":"Feature","properties":{"id":"2615607","name":"Trindade"},"geometry":{"type":"Polygon","coordinates":[[[-40.344,-7.848],[-40.345,-7.848],[-40.343,-7.843],[-40.35,-7.835],[-40.353,-7.825],[-40.355,-7.782],[-40.357,-7.75],[-40.36,-7.711],[-40.343,-7.701],[-40.328,-7.642],[-40.303,-7.632],[-40.286,-7.627],[-40.285,-7.628],[-40.267,-7.675],[-40.262,-7.687],[-40.258,-7.707],[-40.252,-7.739],[-40.244,-7.778],[-40.237,-7.818],[-40.327,-7.843],[-40.339,-7.847],[-40.344,-7.848]]]}},{"type":"Feature","properties":{"id":"2615706","name":"Triunfo"},"geometry":{"type":"Polygon","coordinates":[[[-38.009,-7.822],[-38.009,-7.851],[-38.004,-7.86],[-37.999,-7.869],[-38.001,-7.876],[-38.008,-7.879],[-38.013,-7.883],[-38.013,-7.892],[-38.028,-7.9],[-38.025,-7.906],[-38.046,-7.917],[-38.052,-7.921],[-38.059,-7.923],[-38.07,-7.919],[-38.072,-7.927],[-38.083,-7.937],[-38.087,-7.933],[-38.086,-7.924],[-38.092,-7.922],[-38.094,-7.922],[-38.104,-7.916],[-38.12,-7.908],[-38.14,-7.883],[-38.14,-7.876],[-38.148,-7.865],[-38.149,-7.855],[-38.147,-7.844],[-38.132,-7.83],[-38.12,-7.819],[-38.097,-7.827],[-38.083,-7.828],[-38.08,-7.829],[-38.077,-7.83],[-38.069,-7.826],[-38.066,-7.817],[-38.075,-7.805],[-38.073,-7.793],[-38.075,-7.789],[-38.069,-7.772],[-38.039,-7.748],[-38.03,-7.749],[-38.012,-7.765],[-38.008,-7.766],[-38.005,-7.777],[-38.0,-7.779],[-38.02,-7.791],[-38.022,-7.799],[-38.013,-7.815],[-38.009,-7.817],[-38.009,-7.822]]]}},{"type":"Feature","properties":{"id":"2615805","name":"Tupanatinga"},"geometry":{"type":"Polygon","coordinates":[[[-37.282,-8.388],[-37.261,-8.399],[-37.255,-8.39],[-37.249,-8.39],[-37.241,-8.397],[-37.235,-8.398],[-37.233,-8.402],[-37.223,-8.405],[-37.223,-8.406],[-37.22,-8.419],[-37.228,-8.443],[-37.222,-8.453],[-37.221,-8.462],[-37.215,-8.465],[-37.214,-8.472],[-37.191,-8.474],[-37.191,-8.484],[-37.207,-8.488],[-37.188,-8.503],[-37.189,-8.507],[-37.191,-8.523],[-37.207,-8.526],[-37.213,-8.531],[-37.218,-8.543],[-37.211,-8.557],[-37.22,-8.563],[-37.223,-8.584],[-37.222,-8.589],[-37.212,-8.59],[-37.212,-8.592],[-37.231,-8.603],[-37.239,-8.598],[-37.242,-8.587],[-37.251,-8.579],[-37.277,-8.569],[-37.287,-8.599],[-37.288,-8.601],[-37.301,-8.64],[-37.296,-8.665],[-37.295,-8.668],[-37.291,-8.685],[-37.298,-8.691],[-37.295,-8.707],[-37.295,-8.708],[-37.295,-8.716],[-37.286,-8.732],[-37.278,-8.74],[-37.274,-8.755],[-37.254,-8.757],[-37.251,-8.75],[-37.24,-8.752],[-37.228,-8.743],[-37.221,-8.746],[-37.212,-8.743],[-37.2,-8.745],[-37.199,-8.747],[-37.188,-8.752],[-37.179,-8.754],[-37.174,-8.766],[-37.169,-8.764],[-37.153,-8.768],[-37.157,-8.779],[-37.153,-8.782],[-37.151,-8.789],[-37.142,-8.8],[-37.133,-8.803],[-37.133,-8.807],[-37.12,-8.811],[-37.115,-8.811],[-37.115,-8.82],[-37.111,-8.827],[-37.097,-8.834],[-37.098,-8.838],[-37.081,-8.862],[-37.079,-8.869],[-37.085,-8.873],[-37.083,-8.879],[-37.088,-8.895],[-37.083,-8.9],[-37.081,-8.918],[-37.088,-8.929],[-37.085,-8.939],[-37.093,-8.954],[-37.101,-8.96],[-37.114,-8.96],[-37.139,-8.945],[-37.145,-8.946],[-37.155,-8.945],[-37.158,-8.939],[-37.164,-8.939],[-37.169,-8.941],[-37.187,-8.919],[-37.197,-8.909],[-37.198,-8.9],[-37.205,-8.897],[-37.213,-8.888],[-37.22,-8.885],[-37.224,-8.872],[-37.222,-8.866],[-37.228,-8.866],[-37.225,-8.854],[-37.235,-8.841],[-37.233,-8.837],[-37.237,-8.826],[-37.249,-8.819],[-37.247,-8.814],[-37.259,-8.814],[-37.263,-8.817],[-37.267,-8.815],[-37.272,-8.821],[-37.277,-8.816],[-37.282,-8.818],[-37.289,-8.825],[-37.297,-8.822],[-37.308,-8.825],[-37.318,-8.827],[-37.324,-8.838],[-37.335,-8.834],[-37.336,-8.837],[-37.34,-8.837],[-37.347,-8.832],[-37.349,-8.826],[-37.363,-8.819],[-37.366,-8.802],[-37.366,-8.798],[-37.366,-8.797],[-37.367,-8.738],[-37.367,-8.705],[-37.367,-8.66],[-37.367,-8.639],[-37.367,-8.636],[-37.368,-8.573],[-37.368,-8.515],[-37.472,-8.586],[-37.476,-8.569],[-37.49,-8.558],[-37.523,-8.556],[-37.538,-8.521],[-37.54,-8.51],[-37.554,-8.506],[-37.56,-8.499],[-37.542,-8.486],[-37.524,-8.479],[-37.475,-8.457],[-37.468,-8.45],[-37.46,-8.459],[-37.442,-8.454],[-37.435,-8.456],[-37.434,-8.445],[-37.43,-8.444],[-37.421,-8.452],[-37.418,-8.437],[-37.405,-8.433],[-37.402,-8.427],[-37.396,-8.43],[-37.395,-8.422],[-37.383,-8.416],[-37.383,-8.413],[-37.368,-8.418],[-37.363,-8.405],[-37.348,-8.402],[-37.34,-8.404],[-37.309,-8.401],[-37.306,-8.397],[-37.282,-8.388]]]}},{"type":"Feature","properties":{"id":"2615904","name":"Tuparetama"},"geometry":{"type":"Polygon","coordinates":[[[-37.313,-7.595],[-37.307,-7.603],[-37.27,-7.648],[-37.239,-7.687],[-37.218,-7.692],[-37.215,-7.697],[-37.191,-7.712],[-37.185,-7.708],[-37.176,-7.704],[-37.166,-7.704],[-37.154,-7.716],[-37.15,-7.716],[-37.15,-7.729],[-37.139,-7.745],[-37.157,-7.773],[-37.156,-7.776],[-37.152,-7.779],[-37.159,-7.793],[-37.168,-7.795],[-37.171,-7.795],[-37.17,-7.8],[-37.175,-7.796],[-37.175,-7.756],[-37.181,-7.748],[-37.187,-7.745],[-37.241,-7.742],[-37.24,-7.735],[-37.252,-7.717],[-37.263,-7.712],[-37.277,-7.713],[-37.284,-7.705],[-37.297,-7.711],[-37.299,-7.714],[-37.312,-7.713],[-37.323,-7.72],[-37.341,-7.688],[-37.345,-7.688],[-37.349,-7.681],[-37.343,-7.662],[-37.347,-7.65],[-37.372,-7.626],[-37.377,-7.626],[-37.359,-7.618],[-37.349,-7.605],[-37.33,-7.599],[-37.317,-7.601],[-37.314,-7.597],[-37.313,-7.595]]]}},{"type":"Feature","properties":{"id":"2616001","name":"Venturosa"},"geometry":{"type":"Polygon","coordinates":[[[-36.78,-8.589],[-36.778,-8.604],[-36.776,-8.603],[-36.764,-8.6],[-36.755,-8.601],[-36.73,-8.605],[-36.727,-8.62],[-36.731,-8.625],[-36.73,-8.629],[-36.724,-8.632],[-36.722,-8.638],[-36.725,-8.648],[-36.69,-8.67],[-36.702,-8.723],[-36.753,-8.729],[-36.77,-8.731],[-36.782,-8.733],[-36.786,-8.706],[-36.816,-8.689],[-36.821,-8.685],[-36.841,-8.664],[-36.87,-8.642],[-36.912,-8.612],[-36.911,-8.599],[-36.903,-8.59],[-36.899,-8.576],[-36.905,-8.569],[-36.896,-8.556],[-36.888,-8.555],[-36.881,-8.542],[-36.875,-8.541],[-36.862,-8.512],[-36.857,-8.51],[-36.859,-8.5],[-36.855,-8.493],[-36.849,-8.481],[-36.848,-8.47],[-36.848,-8.465],[-36.841,-8.46],[-36.839,-8.447],[-36.832,-8.443],[-36.822,-8.422],[-36.83,-8.466],[-36.835,-8.492],[-36.84,-8.521],[-36.821,-8.531],[-36.809,-8.537],[-36.788,-8.549],[-36.779,-8.562],[-36.784,-8.581],[-36.783,-8.589],[-36.78,-8.589]]]}},{"type":"Feature","properties":{"id":"2616100","name":"Verdejante"},"geometry":{"type":"Polygon","coordinates":[[[-39.001,-7.84],[-38.982,-7.846],[-38.974,-7.843],[-38.966,-7.845],[-38.962,-7.844],[-38.964,-7.853],[-38.963,-7.856],[-38.956,-7.865],[-38.952,-7.887],[-38.937,-7.899],[-38.934,-7.905],[-38.93,-7.916],[-38.911,-7.928],[-38.908,-7.949],[-38.907,-7.956],[-38.89,-7.964],[-38.89,-7.974],[-38.884,-7.979],[-38.881,-7.992],[-38.874,-7.996],[-38.877,-8.01],[-38.878,-8.02],[-38.878,-8.037],[-38.87,-8.045],[-38.88,-8.05],[-38.91,-8.086],[-38.923,-8.094],[-38.93,-8.09],[-38.938,-8.091],[-38.945,-8.086],[-38.955,-8.089],[-38.959,-8.086],[-38.966,-8.091],[-38.969,-8.085],[-38.974,-8.087],[-38.978,-8.083],[-38.978,-8.08],[-38.972,-8.081],[-38.97,-8.077],[-38.981,-8.071],[-38.983,-8.066],[-38.996,-8.062],[-39.004,-8.064],[-39.013,-8.075],[-39.019,-8.068],[-39.026,-8.068],[-39.027,-8.056],[-39.043,-8.061],[-39.058,-8.06],[-39.06,-8.059],[-39.064,-8.06],[-39.064,-8.075],[-39.074,-8.08],[-39.089,-8.053],[-39.103,-8.028],[-39.103,-8.024],[-39.092,-8.011],[-39.092,-8.004],[-39.097,-8.0],[-39.095,-7.995],[-39.085,-7.987],[-39.086,-7.978],[-39.072,-7.958],[-39.074,-7.941],[-39.07,-7.93],[-39.077,-7.926],[-39.081,-7.924],[-39.078,-7.915],[-39.08,-7.909],[-39.077,-7.903],[-39.061,-7.898],[-39.054,-7.869],[-39.049,-7.865],[-39.042,-7.866],[-39.034,-7.858],[-39.035,-7.85],[-39.033,-7.844],[-39.016,-7.827],[-39.018,-7.812],[-39.013,-7.812],[-39.004,-7.836],[-39.001,-7.84]]]}},{"type":"Feature","properties":{"id":"2616183","name":"Vertente do Lério"},"geometry":{"type":"Polygon","coordinates":[[[-35.79,-7.74],[-35.771,-7.765],[-35.766,-7.771],[-35.766,-7.772],[-35.767,-7.772],[-35.767,-7.773],[-35.768,-7.775],[-35.77,-7.775],[-35.771,-7.776],[-35.773,-7.777],[-35.774,-7.778],[-35.775,-7.778],[-35.777,-7.778],[-35.776,-7.781],[-35.774,-7.783],[-35.774,-7.784],[-35.774,-7.788],[-35.774,-7.792],[-35.773,-7.794],[-35.772,-7.794],[-35.772,-7.796],[-35.771,-7.8],[-35.768,-7.802],[-35.767,-7.803],[-35.767,-7.804],[-35.766,-7.805],[-35.764,-7.806],[-35.76,-7.806],[-35.756,-7.804],[-35.753,-7.804],[-35.751,-7.805],[-35.752,-7.809],[-35.753,-7.808],[-35.757,-7.81],[-35.759,-7.809],[-35.76,-7.81],[-35.767,-7.81],[-35.769,-7.81],[-35.773,-7.812],[-35.775,-7.812],[-35.776,-7.812],[-35.777,-7.81],[-35.778,-7.809],[-35.782,-7.81],[-35.785,-7.81],[-35.786,-7.81],[-35.787,-7.81],[-35.789,-7.811],[-35.79,-7.81],[-35.79,-7.809],[-35.791,-7.807],[-35.793,-7.806],[-35.795,-7.806],[-35.796,-7.807],[-35.797,-7.807],[-35.799,-7.804],[-35.801,-7.804],[-35.802,-7.803],[-35.804,-7.805],[-35.807,-7.806],[-35.813,-7.811],[-35.815,-7.811],[-35.817,-7.812],[-35.819,-7.811],[-35.82,-7.809],[-35.821,-7.808],[-35.823,-7.808],[-35.825,-7.809],[-35.829,-7.811],[-35.829,-7.812],[-35.83,-7.813],[-35.834,-7.814],[-35.839,-7.815],[-35.841,-7.813],[-35.843,-7.812],[-35.843,-7.808],[-35.844,-7.808],[-35.846,-7.808],[-35.853,-7.785],[-35.86,-7.779],[-35.866,-7.775],[-35.869,-7.771],[-35.871,-7.771],[-35.871,-7.77],[-35.874,-7.768],[-35.877,-7.769],[-35.881,-7.766],[-35.883,-7.764],[-35.883,-7.761],[-35.881,-7.756],[-35.881,-7.755],[-35.877,-7.751],[-35.872,-7.749],[-35.871,-7.749],[-35.869,-7.75],[-35.867,-7.749],[-35.862,-7.751],[-35.85,-7.747],[-35.841,-7.747],[-35.835,-7.747],[-35.834,-7.748],[-35.833,-7.749],[-35.832,-7.75],[-35.829,-7.751],[-35.828,-7.751],[-35.825,-7.749],[-35.82,-7.748],[-35.817,-7.746],[-35.813,-7.746],[-35.812,-7.745],[-35.81,-7.745],[-35.808,-7.746],[-35.806,-7.746],[-35.804,-7.745],[-35.8,-7.741],[-35.794,-7.739],[-35.792,-7.74],[-35.79,-7.74]]]}},{"type":"Feature","properties":{"id":"2616209","name":"Vertentes"},"geometry":{"type":"Polygon","coordinates":[[[-35.943,-7.79],[-35.928,-7.819],[-35.925,-7.825],[-35.914,-7.846],[-35.915,-7.847],[-35.919,-7.859],[-35.922,-7.867],[-35.914,-7.872],[-35.911,-7.879],[-35.911,-7.895],[-35.958,-7.899],[-35.966,-7.911],[-35.965,-7.927],[-35.971,-7.934],[-35.963,-7.939],[-35.958,-7.938],[-35.956,-7.944],[-35.962,-7.946],[-35.961,-7.952],[-35.965,-7.955],[-35.966,-7.964],[-35.962,-7.966],[-35.968,-7.973],[-35.958,-7.977],[-35.958,-7.99],[-35.993,-7.981],[-35.997,-7.979],[-36.007,-7.976],[-36.011,-7.979],[-36.011,-7.987],[-36.028,-7.983],[-36.036,-7.984],[-36.041,-7.989],[-36.048,-7.987],[-36.055,-7.979],[-36.071,-7.98],[-36.051,-7.957],[-36.048,-7.948],[-36.047,-7.947],[-36.045,-7.944],[-36.043,-7.94],[-36.037,-7.931],[-36.023,-7.922],[-36.031,-7.915],[-36.026,-7.907],[-36.017,-7.903],[-36.012,-7.893],[-36.01,-7.876],[-36.01,-7.872],[-36.013,-7.853],[-36.019,-7.845],[-36.016,-7.837],[-36.02,-7.837],[-36.021,-7.827],[-36.025,-7.824],[-36.024,-7.819],[-36.015,-7.814],[-36.006,-7.817],[-36.002,-7.816],[-36.003,-7.812],[-35.998,-7.813],[-35.992,-7.8],[-35.979,-7.802],[-35.97,-7.789],[-35.959,-7.787],[-35.943,-7.79]]]}},{"type":"Feature","properties":{"id":"2616308","name":"Vicência"},"geometry":{"type":"Polygon","coordinates":[[[-35.273,-7.591],[-35.27,-7.601],[-35.257,-7.644],[-35.254,-7.645],[-35.258,-7.651],[-35.255,-7.654],[-35.26,-7.655],[-35.257,-7.66],[-35.259,-7.675],[-35.295,-7.71],[-35.302,-7.709],[-35.312,-7.706],[-35.322,-7.703],[-35.336,-7.707],[-35.356,-7.709],[-35.37,-7.695],[-35.378,-7.711],[-35.382,-7.718],[-35.384,-7.723],[-35.41,-7.733],[-35.413,-7.74],[-35.419,-7.721],[-35.422,-7.718],[-35.427,-7.713],[-35.45,-7.692],[-35.453,-7.689],[-35.445,-7.649],[-35.449,-7.645],[-35.448,-7.639],[-35.457,-7.638],[-35.461,-7.631],[-35.463,-7.617],[-35.459,-7.61],[-35.45,-7.602],[-35.448,-7.607],[-35.429,-7.616],[-35.425,-7.615],[-35.419,-7.614],[-35.408,-7.62],[-35.403,-7.617],[-35.386,-7.618],[-35.383,-7.611],[-35.372,-7.613],[-35.369,-7.611],[-35.361,-7.616],[-35.348,-7.611],[-35.334,-7.614],[-35.324,-7.61],[-35.307,-7.612],[-35.3,-7.605],[-35.293,-7.599],[-35.286,-7.599],[-35.273,-7.591]]]}},{"type":"Feature","properties":{"id":"2616407","name":"Vitória de Santo Antão"},"geometry":{"type":"Polygon","coordinates":[[[-35.201,-8.053],[-35.195,-8.079],[-35.21,-8.11],[-35.211,-8.112],[-35.214,-8.118],[-35.225,-8.131],[-35.222,-8.141],[-35.22,-8.148],[-35.228,-8.154],[-35.224,-8.168],[-35.223,-8.176],[-35.219,-8.18],[-35.222,-8.184],[-35.215,-8.187],[-35.219,-8.187],[-35.227,-8.196],[-35.225,-8.201],[-35.228,-8.207],[-35.241,-8.212],[-35.242,-8.195],[-35.248,-8.185],[-35.265,-8.242],[-35.265,-8.243],[-35.276,-8.285],[-35.269,-8.296],[-35.291,-8.304],[-35.3,-8.308],[-35.303,-8.307],[-35.339,-8.294],[-35.359,-8.3],[-35.36,-8.298],[-35.366,-8.299],[-35.365,-8.298],[-35.339,-8.279],[-35.35,-8.203],[-35.35,-8.201],[-35.353,-8.185],[-35.353,-8.181],[-35.35,-8.159],[-35.35,-8.158],[-35.348,-8.141],[-35.346,-8.132],[-35.344,-8.118],[-35.346,-8.116],[-35.362,-8.109],[-35.387,-8.099],[-35.396,-8.095],[-35.429,-8.081],[-35.415,-8.074],[-35.391,-8.074],[-35.368,-8.064],[-35.364,-8.062],[-35.35,-8.061],[-35.345,-8.051],[-35.322,-8.063],[-35.314,-8.061],[-35.308,-8.063],[-35.302,-8.067],[-35.297,-8.07],[-35.272,-8.054],[-35.263,-8.06],[-35.261,-8.058],[-35.26,-8.057],[-35.249,-8.052],[-35.231,-8.037],[-35.231,-8.032],[-35.225,-8.027],[-35.224,-8.02],[-35.214,-8.029],[-35.204,-8.038],[-35.201,-8.053]]]}},{"type":"Feature","properties":{"id":"2616506","name":"Xexéu"},"geometry":{"type":"Polygon","coordinates":[[[-35.596,-8.861],[-35.605,-8.865],[-35.613,-8.864],[-35.629,-8.879],[-35.652,-8.882],[-35.657,-8.88],[-35.664,-8.891],[-35.67,-8.895],[-35.687,-8.898],[-35.7,-8.906],[-35.713,-8.904],[-35.72,-8.907],[-35.723,-8.909],[-35.673,-8.865],[-35.693,-8.838],[-35.704,-8.823],[-35.721,-8.801],[-35.646,-8.784],[-35.626,-8.78],[-35.622,-8.779],[-35.606,-8.775],[-35.616,-8.789],[-35.616,-8.8],[-35.622,-8.81],[-35.613,-8.814],[-35.605,-8.822],[-35.604,-8.834],[-35.592,-8.834],[-35.59,-8.838],[-35.585,-8.84],[-35.586,-8.842],[-35.582,-8.846],[-35.594,-8.854],[-35.596,-8.861]]]}}]}